,y,X0,X1
0,130.81,k,v
1,88.53,k,t
2,76.26,az,w
3,80.62,az,t
4,78.02,az,v
5,92.93,t,b
6,128.76,al,r
7,91.91,o,l
8,108.67,w,s
9,126.99,j,b
10,102.09,h,r
11,98.12,al,r
12,82.62,s,b
13,94.12,al,r
14,99.15,o,s
15,93.64,n,l
16,106.1,al,r
17,114.13,ay,aa
18,89.81,f,c
19,90.81,n,a
20,90.56,f,s
21,94.57,t,aa
22,108.14,x,r
23,120.77,x,b
24,84.84,y,r
25,93.59,o,s
26,104.07,aj,l
27,89.37,t,aa
28,90.08,f,s
29,128.19,x,b
30,76.01,az,v
31,107.86,w,e
32,106.87,x,b
33,104.85,o,s
34,114.78,ak,s
35,91.56,am,b
36,98.16,aj,l
37,117.31,j,v
38,79.0,az,v
39,110.76,w,s
40,101.44,aj,l
41,91.98,o,h
42,98.08,z,aa
43,139.2,w,s
44,85.44,s,z
45,110.52,x,b
46,91.44,al,r
47,91.52,s,aa
48,91.59,q,w
49,108.0,at,j
50,116.59,w,w
51,93.81,al,r
52,119.44,ap,l
53,91.57,y,r
54,97.24,ay,b
55,90.11,o,s
56,94.83,ay,o
57,108.42,w,u
58,95.57,y,v
59,88.82,f,l
60,104.78,ay,b
61,87.75,y,aa
62,93.27,y,r
63,111.74,ak,p
64,109.76,x,b
65,84.15,az,v
66,93.67,s,aa
67,107.72,w,s
68,90.87,z,aa
69,118.24,aj,s
70,89.91,t,r
71,113.4,ak,s
72,118.53,y,v
73,79.03,az,l
74,92.47,t,b
75,100.98,v,s
76,114.76,o,l
77,111.15,x,b
78,108.57,w,e
79,93.03,al,r
80,93.12,s,b
81,113.31,af,n
82,94.27,o,l
83,102.31,ay,i
84,101.59,f,c
85,110.37,j,v
86,98.84,aj,s
87,101.98,z,aa
88,96.96,o,s
89,90.8,n,l
90,110.98,x,b
91,73.7,az,y
92,111.42,a,v
93,98.91,f,c
94,106.46,x,aa
95,115.43,x,b
96,91.94,n,l
97,108.37,x,aa
98,127.66,x,b
99,93.62,f,s
100,106.67,x,aa
101,96.06,y,d
102,92.5,y,aa
103,92.35,y,o
104,102.97,f,s
105,109.43,x,r
106,106.31,x,b
107,87.15,e,l
108,107.83,ai,b
109,112.75,af,s
110,89.49,y,v
111,126.17,ak,a
112,100.38,aj,l
113,95.42,y,o
114,112.39,w,s
115,92.7,z,aa
116,88.78,z,v
117,105.15,aj,l
118,118.74,ak,h
119,116.61,ak,c
120,90.99,al,r
121,113.28,d,aa
122,101.43,f,s
123,113.69,x,b
124,87.09,y,z
125,116.73,ak,s
126,89.02,t,z
127,102.52,v,p
128,98.68,t,f
129,91.24,y,r
130,96.88,al,r
131,90.54,k,c
132,110.96,x,w
133,88.92,y,b
134,92.36,t,v
135,102.46,aj,s
136,89.23,t,b
137,110.02,w,s
138,96.78,ay,i
139,101.66,ay,aa
140,87.26,f,s
141,111.55,j,aa
142,88.1,o,u
143,101.07,ay,aa
144,96.41,f,l
145,92.74,o,s
146,112.44,x,aa
147,105.74,x,i
148,89.1,n,l
149,108.97,x,i
150,87.65,t,aa
151,116.08,ak,s
152,108.84,j,aa
153,94.75,n,v
154,94.92,o,l
155,106.44,ay,i
156,108.87,x,aa
157,90.68,aq,e
158,104.08,x,aa
159,109.69,w,c
160,90.27,o,s
161,105.77,ay,i
162,94.17,t,b
163,97.33,d,aa
164,90.33,t,aa
165,105.87,ak,l
166,98.25,z,v
167,106.14,ak,l
168,90.17,y,r
169,110.91,w,s
170,108.25,ak,s
171,98.16,n,l
172,113.17,x,aa
173,90.03,n,l
174,100.85,d,aa
175,89.48,t,b
176,116.65,ak,n
177,99.06,v,s
178,94.02,t,b
179,110.55,at,b
180,94.8,f,s
181,105.47,ay,b
182,91.5,o,l
183,87.44,t,aa
184,79.09,az,y
185,89.67,t,b
186,121.15,ak,l
187,97.81,z,aa
188,99.08,aj,w
189,87.79,y,r
190,119.76,c,f
191,90.01,o,s
192,98.96,d,aa
193,90.54,t,b
194,108.28,w,s
195,88.1,y,r
196,116.2,ak,l
197,90.88,ai,b
198,87.65,n,a
199,94.61,f,s
200,96.16,t,b
201,117.03,ak,s
202,91.23,s,b
203,136.41,w,s
204,91.02,z,aa
205,102.89,aj,l
206,110.53,ak,l
207,102.6,t,b
208,77.36,az,y
209,113.11,ak,l
210,88.39,s,aa
211,108.85,j,b
212,90.79,o,s
213,98.28,ay,aa
214,109.11,h,b
215,88.82,o,l
216,146.83,x,i
217,102.58,h,a
218,115.67,v,s
219,90.54,n,v
220,87.66,k,c
221,115.25,ay,b
222,106.87,ay,i
223,128.78,af,e
224,89.86,y,a
225,132.1,w,s
226,90.73,z,aa
227,134.43,aa,v
228,104.16,z,aa
229,97.42,z,aa
230,99.05,ba,b
231,91.16,z,b
232,103.98,d,aa
233,100.29,ay,b
234,99.35,o,c
235,106.19,x,i
236,109.3,d,aa
237,108.46,w,v
238,118.45,ba,b
239,101.26,aj,m
240,116.5,v,s
241,88.21,t,b
242,114.46,ap,l
243,96.97,o,l
244,97.91,f,l
245,108.43,x,aa
246,90.38,n,l
247,90.19,n,l
248,122.69,w,l
249,90.47,y,aa
250,110.56,ak,l
251,91.01,y,r
252,122.24,ak,l
253,150.43,t,b
254,90.82,z,r
255,100.98,ay,b
256,89.85,o,v
257,107.9,j,a
258,90.92,t,aa
259,109.1,ak,l
260,112.38,ap,l
261,88.42,y,b
262,87.58,z,z
263,106.4,ak,l
264,89.81,s,b
265,91.22,z,r
266,76.64,az,v
267,111.75,w,s
268,95.04,y,r
269,111.31,ak,s
270,92.23,y,a
271,111.77,ap,l
272,121.19,x,aa
273,99.56,d,aa
274,89.4,z,b
275,90.93,y,aa
276,112.54,ak,s
277,99.05,z,aa
278,108.75,v,s
279,104.56,ba,b
280,92.94,f,s
281,89.94,o,l
282,102.06,s,aa
283,108.31,w,l
284,110.21,ak,l
285,88.45,s,b
286,87.05,y,aa
287,89.59,n,a
288,109.94,w,s
289,95.99,f,l
290,119.51,d,b
291,105.23,z,b
292,104.32,aj,l
293,91.26,t,aa
294,76.59,az,v
295,87.25,z,b
296,90.52,f,s
297,92.62,o,l
298,114.34,j,aa
299,108.43,ak,v
300,117.52,ak,e
301,94.95,y,b
302,90.67,t,b
303,90.39,y,aa
304,89.03,t,aa
305,107.67,d,aa
306,91.82,n,a
307,111.08,ap,v
308,89.44,z,b
309,99.48,aj,l
310,94.85,ai,aa
311,99.82,f,s
312,91.65,o,a
313,89.41,s,b
314,89.17,y,aa
315,88.59,z,aa
316,107.45,as,k
317,85.76,s,aa
318,113.98,i,r
319,87.81,n,v
320,113.36,x,aa
321,74.0,az,l
322,92.92,t,b
323,106.06,w,m
324,91.96,z,r
325,102.7,aj,v
326,90.27,s,r
327,100.56,aj,v
328,89.05,t,aa
329,120.18,w,s
330,86.98,y,a
331,110.49,af,s
332,93.08,t,b
333,112.49,ap,t
334,94.12,t,b
335,88.69,z,aa
336,104.38,aj,l
337,115.07,w,s
338,92.03,s,b
339,106.97,ak,l
340,116.04,af,s
341,91.63,z,aa
342,169.91,aa,l
343,103.67,ak,s
344,98.52,t,aa
345,109.48,ay,aa
346,96.03,n,l
347,107.16,j,aa
348,94.09,y,aa
349,87.27,n,l
350,105.35,x,aa
351,97.75,d,aa
352,104.74,ay,i
353,91.62,y,b
354,115.5,w,t
355,102.66,aj,v
356,92.48,z,aa
357,99.05,z,aa
358,102.0,aj,l
359,100.32,v,c
360,74.28,az,m
361,112.35,j,b
362,92.58,f,c
363,116.59,j,aa
364,100.64,f,s
365,95.38,n,l
366,84.65,n,a
367,112.67,x,aa
368,73.34,az,v
369,94.11,t,aa
370,95.13,n,l
371,108.43,x,aa
372,89.23,f,s
373,112.19,ap,l
374,91.02,f,s
375,108.27,j,aa
376,87.9,n,l
377,109.16,at,b
378,99.48,f,s
379,110.35,j,b
380,91.53,f,s
381,106.63,x,aa
382,88.79,n,l
383,98.24,t,aa
384,109.99,ak,c
385,107.74,w,s
386,109.73,ak,s
387,91.04,y,b
388,95.1,e,a
389,105.21,x,aa
390,87.51,o,s
391,99.7,aj,v
392,91.44,y,aa
393,122.47,as,p
394,97.76,y,aa
395,88.07,f,u
396,105.85,o,c
397,117.49,d,aa
398,97.69,o,s
399,92.91,f,s
400,77.14,az,y
401,91.21,s,aa
402,107.76,ak,l
403,93.98,ba,aa
404,97.36,aj,l
405,102.49,z,b
406,112.46,aj,l
407,114.61,af,s
408,108.93,x,b
409,88.58,n,l
410,111.92,x,aa
411,94.51,f,c
412,100.39,ay,b
413,90.87,f,s
414,93.21,z,aa
415,116.16,z,aa
416,108.08,ak,s
417,98.01,o,s
418,90.84,f,e
419,93.67,n,l
420,136.47,x,b
421,77.31,az,y
422,103.46,y,aa
423,107.37,ak,s
424,88.99,t,b
425,128.05,ak,c
426,112.66,w,l
427,90.16,y,b
428,92.2,t,b
429,154.87,ak,l
430,94.14,y,aa
431,111.7,r,e
432,89.99,z,b
433,98.45,ay,aa
434,88.72,o,l
435,99.98,n,s
436,103.98,x,aa
437,108.19,x,aa
438,110.1,ak,s
439,93.14,o,s
440,100.21,o,l
441,88.91,t,b
442,85.97,y,aa
443,122.45,ak,s
444,112.2,w,e
445,106.16,w,u
446,89.66,n,l
447,90.41,o,s
448,101.42,ay,i
449,89.52,z,aa
450,111.74,v,s
451,91.45,ai,b
452,77.69,az,s
453,117.81,x,aa
454,87.97,o,s
455,99.17,h,j
456,93.59,z,aa
457,104.07,ay,i
458,98.57,ay,aa
459,101.19,o,s
460,108.24,ay,b
461,90.06,aq,e
462,92.79,o,s
463,100.95,ay,aa
464,90.76,f,c
465,119.99,ay,aa
466,78.25,az,y
467,110.63,ay,b
468,87.28,f,s
469,89.1,o,s
470,95.6,z,b
471,108.85,w,s
472,88.47,y,aa
473,110.33,ak,l
474,87.65,s,o
475,89.75,z,aa
476,113.87,s,aa
477,108.53,w,s
478,96.48,y,aa
479,94.88,ba,aa
480,111.47,w,s
481,116.6,ap,l
482,103.54,e,s
483,107.86,j,aa
484,118.83,w,s
485,87.28,y,aa
486,129.0,af,s
487,92.38,z,aa
488,107.35,ak,u
489,94.65,z,aa
490,118.18,ay,aa
491,116.34,j,aa
492,99.94,n,l
493,101.02,o,s
494,91.99,n,w
495,97.47,t,b
496,112.42,w,e
497,110.2,a,v
498,93.41,s,b
499,113.88,ak,l
500,92.88,n,l
501,107.68,z,aa
502,88.57,t,b
503,90.03,z,aa
504,112.59,w,l
505,101.11,aj,k
506,93.02,z,aa
507,88.06,y,aa
508,99.51,aj,l
509,90.77,b,b
510,89.79,y,aa
511,79.99,az,v
512,93.4,o,v
513,113.68,aj,s
514,94.35,z,aa
515,116.87,aj,l
516,112.94,ap,c
517,92.4,y,b
518,107.12,ak,c
519,100.42,t,aa
520,87.63,z,b
521,91.02,t,b
522,87.53,n,a
523,134.26,at,b
524,106.59,ax,l
525,121.64,ak,h
526,104.73,ay,b
527,90.46,o,l
528,88.98,s,b
529,116.03,ap,l
530,90.34,o,c
531,101.97,ay,aa
532,104.25,ay,b
533,93.74,y,aa
534,94.44,aq,l
535,102.33,d,aa
536,100.07,o,s
537,101.66,ay,aa
538,99.55,ay,i
539,113.4,x,aa
540,97.17,z,aa
541,109.67,ak,l
542,109.16,ak,v
543,106.5,ay,i
544,111.15,i,aa
545,92.83,t,b
546,97.57,z,aa
547,111.52,w,l
548,89.6,t,i
549,105.09,aj,s
550,90.79,z,aa
551,90.54,y,aa
552,95.92,n,l
553,111.41,ay,aa
554,97.3,o,l
555,106.81,x,aa
556,92.22,n,l
557,111.04,j,aa
558,96.35,h,aa
559,98.93,ay,b
560,114.94,x,j
561,89.02,s,i
562,113.07,ak,s
563,107.61,w,e
564,104.73,ak,l
565,80.01,az,v
566,88.6,y,aa
567,88.2,f,s
568,115.92,x,aa
569,91.2,n,v
570,109.91,x,aa
571,94.0,f,s
572,108.23,x,aa
573,75.86,az,l
574,95.69,ay,i
575,91.16,t,b
576,95.56,t,b
577,107.54,w,s
578,89.6,z,aa
579,101.0,aj,l
580,90.28,t,b
581,108.32,w,p
582,92.29,y,i
583,95.03,t,b
584,114.39,ax,a
585,104.52,b,b
586,126.68,x,aa
587,94.56,n,l
588,111.41,ap,v
589,93.81,n,v
590,107.48,x,aa
591,73.4,bc,y
592,113.93,w,s
593,111.88,j,aa
594,91.56,o,l
595,103.75,h,r
596,90.76,f,s
597,113.33,x,aa
598,97.9,t,b
599,108.92,v,w
600,90.86,t,b
601,113.75,af,s
602,105.43,ak,s
603,92.01,z,aa
604,111.21,t,b
605,93.65,y,aa
606,110.44,ak,s
607,119.71,ak,h
608,104.29,o,l
609,111.45,x,aa
610,88.3,n,l
611,108.53,x,aa
612,91.96,f,c
613,104.67,x,aa
614,109.36,w,s
615,98.78,v,s
616,114.85,t,b
617,113.12,ak,s
618,93.9,y,b
619,86.56,o,v
620,90.23,s,g
621,105.76,ak,l
622,96.6,z,aa
623,128.25,t,b
624,118.31,z,aa
625,110.11,ak,s
626,123.89,t,r
627,100.97,aj,t
628,89.44,t,b
629,109.04,ak,l
630,116.87,x,aa
631,91.82,o,s
632,102.49,d,b
633,99.46,ay,i
634,112.71,ak,l
635,111.54,x,aa
636,113.08,j,aa
637,89.97,o,l
638,101.11,aj,s
639,90.05,n,l
640,108.41,x,b
641,87.1,n,l
642,101.47,o,s
643,107.51,w,v
644,97.03,t,aa
645,88.26,z,aa
646,112.61,ak,l
647,124.37,al,b
648,131.56,ay,i
649,95.49,f,s
650,95.75,n,l
651,106.72,j,b
652,117.85,o,s
653,113.64,o,s
654,103.88,ay,b
655,94.29,f,s
656,107.94,x,aa
657,113.68,x,b
658,88.78,t,aa
659,129.19,ak,s
660,91.3,y,aa
661,90.52,s,b
662,93.62,y,aa
663,105.87,ak,e
664,90.95,t,b
665,112.5,ak,l
666,89.89,al,r
667,97.33,t,b
668,130.97,ak,s
669,74.53,az,y
670,113.62,ak,s
671,94.95,al,o
672,108.21,ak,u
673,90.39,ba,b
674,118.17,j,aa
675,90.38,y,aa
676,122.4,ax,l
677,89.83,t,b
678,111.66,at,q
679,114.28,x,aa
680,93.38,n,s
681,147.72,x,i
682,76.81,az,s
683,115.73,a,v
684,96.0,z,b
685,100.49,aj,l
686,93.12,t,b
687,94.71,ay,b
688,88.38,z,aa
689,74.2,az,y
690,103.9,y,aa
691,109.53,ak,l
692,101.39,z,b
693,119.57,o,s
694,108.47,x,aa
695,107.22,x,r
696,77.42,az,s
697,87.07,s,aa
698,132.59,ak,l
699,90.66,y,b
700,110.71,v,s
701,91.35,n,v
702,108.68,j,aa
703,90.73,u,s
704,105.31,ay,i
705,91.44,o,v
706,110.54,j,aa
707,79.81,az,y
708,110.24,o,s
709,85.82,y,aa
710,124.17,ap,l
711,100.77,y,aa
712,91.61,ai,j
713,114.37,w,s
714,89.73,t,b
715,110.49,ak,s
716,97.99,y,aa
717,87.61,t,b
718,94.6,n,v
719,111.44,x,aa
720,91.62,n,l
721,99.22,n,l
722,87.07,t,b
723,101.44,ay,b
724,87.71,n,l
725,111.54,x,aa
726,112.78,ap,l
727,92.59,o,l
728,87.65,e,s
729,109.93,ak,l
730,92.65,t,aa
731,89.74,n,v
732,117.08,x,aa
733,89.56,o,s
734,78.19,az,n
735,105.96,j,aa
736,94.36,n,s
737,108.9,x,aa
738,88.55,k,c
739,107.75,x,aa
740,88.9,n,l
741,118.27,x,aa
742,113.15,x,aa
743,82.2,az,l
744,111.5,x,aa
745,90.46,s,aa
746,108.56,af,m
747,99.15,aj,v
748,113.35,j,aa
749,110.53,ap,v
750,119.24,j,aa
751,93.26,n,s
752,115.62,n,v
753,97.29,o,v
754,111.48,x,aa
755,110.48,x,aa
756,89.5,o,s
757,99.52,h,aa
758,91.52,y,aa
759,88.81,y,aa
760,88.93,y,aa
761,97.99,o,l
762,112.95,ak,l
763,101.06,v,s
764,98.97,z,aa
765,117.07,x,aa
766,88.03,ad,l
767,107.45,x,b
768,90.9,n,v
769,91.39,f,s
770,88.49,o,l
771,101.7,ay,i
772,89.91,o,s
773,121.23,ak,s
774,93.11,s,aa
775,105.35,z,b
776,101.49,z,aa
777,108.54,aj,h
778,111.48,ak,w
779,109.92,ak,m
780,103.59,ba,aa
781,93.43,z,b
782,116.02,ak,s
783,100.25,s,b
784,98.04,o,s
785,93.47,o,v
786,97.95,ay,aa
787,90.65,o,s
788,107.71,h,b
789,85.98,o,l
790,111.02,ay,aa
791,87.87,n,t
792,95.71,o,s
793,96.51,f,l
794,91.68,z,aa
795,111.02,ak,t
796,114.26,ay,i
797,113.93,ak,h
798,98.28,s,aa
799,115.42,af,c
800,95.22,t,b
801,102.13,y,aa
802,111.25,w,s
803,109.19,x,aa
804,93.72,o,s
805,107.62,ay,aa
806,76.27,az,v
807,118.9,ak,l
808,90.62,t,b
809,110.23,w,l
810,97.02,o,v
811,90.39,f,s
812,105.66,x,i
813,95.71,n,a
814,93.82,n,l
815,109.19,x,o
816,95.0,o,s
817,100.59,d,b
818,89.6,z,v
819,109.64,z,b
820,110.64,au,aa
821,104.62,ay,aa
822,92.53,z,aa
823,121.79,ak,l
824,123.68,ay,i
825,94.11,t,b
826,110.58,ay,aa
827,93.8,o,l
828,100.83,ay,aa
829,121.18,n,h
830,94.67,o,s
831,87.47,z,aa
832,105.3,v,s
833,89.65,t,aa
834,78.4,az,l
835,105.03,z,aa
836,113.41,ak,v
837,99.51,ay,i
838,122.2,aj,l
839,90.78,t,b
840,113.02,ak,v
841,94.41,t,b
842,82.24,az,s
843,110.64,x,b
844,97.32,n,l
845,101.43,ay,i
846,140.49,x,aa
847,89.41,s,aa
848,114.91,ak,h
849,112.54,t,b
850,76.99,az,v
851,88.26,z,aa
852,109.58,z,aa
853,104.53,v,s
854,91.21,n,v
855,111.1,x,b
856,88.12,f,u
857,101.46,ay,i
858,88.88,z,v
859,101.76,ay,aa
860,87.71,ba,aa
861,98.13,z,aa
862,98.93,aj,l
863,92.12,t,aa
864,108.15,j,aa
865,104.2,d,z
866,126.52,ay,r
867,91.11,o,s
868,95.1,ba,b
869,91.58,t,aa
870,116.02,z,aa
871,97.57,ay,i
872,107.36,ak,v
873,109.77,ay,i
874,114.25,ap,c
875,104.42,aj,s
876,91.16,z,aa
877,119.02,ak,l
878,100.42,aj,s
879,109.39,ak,l
880,91.19,m,s
881,107.24,v,s
882,114.32,ak,v
883,265.32,y,r
884,93.02,y,r
885,90.22,y,aa
886,105.45,f,c
887,112.38,j,aa
888,94.87,z,aa
889,158.53,aj,l
890,114.51,t,r
891,127.91,ak,c
892,99.48,aj,l
893,129.32,ay,b
894,83.42,az,l
895,118.44,t,v
896,111.9,w,s
897,91.37,y,r
898,86.93,ai,b
899,112.51,r,s
900,141.31,x,aa
901,102.87,e,n
902,106.79,ak,e
903,99.18,ay,aa
904,92.4,f,a
905,108.57,a,v
906,95.64,y,z
907,89.6,z,aa
908,98.95,aj,l
909,108.65,x,aa
910,110.87,at,g
911,108.36,x,v
912,78.5,az,v
913,101.98,aj,l
914,106.56,w,s
915,88.38,t,aa
916,89.96,z,aa
917,113.56,ap,l
918,112.09,w,v
919,92.32,y,z
920,99.78,ay,aa
921,92.38,o,l
922,104.19,x,v
923,98.01,ay,r
924,78.47,az,s
925,91.78,t,aa
926,108.38,w,s
927,105.4,w,s
928,99.0,ay,r
929,87.13,o,l
930,107.48,j,b
931,100.77,h,v
932,92.95,o,u
933,87.21,t,r
934,100.35,v,e
935,106.19,ak,s
936,90.04,y,a
937,123.31,ak,l
938,117.89,ap,l
939,88.64,al,o
940,110.54,w,l
941,93.76,y,aa
942,117.3,i,r
943,101.2,o,l
944,98.17,z,r
945,99.91,v,l
946,94.29,z,b
947,91.63,t,b
948,107.59,x,v
949,90.71,y,aa
950,107.36,ak,l
951,91.21,y,r
952,90.4,t,b
953,91.27,y,aa
954,90.32,y,b
955,108.82,w,s
956,93.75,al,r
957,108.49,ak,s
958,88.34,y,aa
959,120.17,ap,l
960,87.21,f,c
961,93.42,o,l
962,108.34,i,a
963,90.35,ai,f
964,88.71,y,aa
965,110.7,ak,u
966,115.73,r,c
967,88.24,s,r
968,110.12,w,c
969,89.97,y,aa
970,100.28,y,r
971,114.35,r,s
972,92.55,t,aa
973,115.22,w,e
974,93.83,y,a
975,94.39,o,w
976,96.83,f,k
977,90.96,o,s
978,111.89,h,a
979,113.39,at,b
980,107.13,f,c
981,125.03,x,aa
982,90.43,f,s
983,101.58,ay,b
984,103.57,ay,aa
985,107.99,aj,a
986,102.39,z,aa
987,113.74,ay,r
988,106.57,w,s
989,107.48,w,v
990,106.52,ak,s
991,100.62,z,v
992,101.33,ay,v
993,108.68,at,b
994,90.04,y,b
995,140.15,x,b
996,94.64,t,aa
997,114.53,n,v
998,137.44,j,r
999,110.24,ay,b
1000,91.49,o,v
1001,106.0,h,a
1002,104.97,w,s
1003,107.13,h,a
1004,95.62,s,aa
1005,95.04,o,s
1006,88.96,m,v
1007,101.66,h,a
1008,104.37,h,o
1009,99.72,t,b
1010,105.43,v,s
1011,125.06,z,a
1012,89.43,z,r
1013,108.37,x,v
1014,89.0,f,s
1015,99.06,l,a
1016,89.29,f,s
1017,115.13,ap,l
1018,92.73,o,l
1019,108.88,w,l
1020,98.56,s,j
1021,108.64,x,aa
1022,99.51,h,r
1023,89.83,z,aa
1024,92.63,z,aa
1025,105.53,z,r
1026,108.99,w,s
1027,90.1,y,z
1028,117.98,x,aa
1029,89.65,az,l
1030,88.1,t,b
1031,99.56,y,a
1032,85.48,o,v
1033,140.41,x,aa
1034,115.81,af,u
1035,89.75,al,o
1036,144.36,x,aa
1037,93.78,al,o
1038,89.06,az,l
1039,88.26,t,i
1040,105.53,ak,s
1041,116.21,w,s
1042,90.59,y,aa
1043,115.15,ap,v
1044,108.36,w,c
1045,109.45,w,s
1046,93.92,t,b
1047,91.07,n,l
1048,93.96,y,aa
1049,76.22,az,n
1050,93.6,s,aa
1051,97.0,m,m
1052,102.76,ay,aa
1053,94.11,o,s
1054,99.2,h,a
1055,100.55,d,aa
1056,90.69,o,s
1057,89.94,z,aa
1058,93.34,al,o
1059,122.09,ak,l
1060,154.43,w,v
1061,88.26,y,aa
1062,106.39,ak,e
1063,89.39,t,b
1064,106.23,w,s
1065,87.54,o,s
1066,99.58,ay,r
1067,99.03,y,z
1068,97.22,ay,i
1069,108.74,x,b
1070,93.41,o,l
1071,90.7,o,s
1072,104.93,aj,l
1073,97.94,al,o
1074,98.11,ay,aa
1075,95.77,o,v
1076,128.78,j,aa
1077,128.14,h,a
1078,90.09,t,b
1079,87.31,az,w
1080,97.43,al,o
1081,93.38,t,b
1082,102.63,v,e
1083,96.08,z,v
1084,105.65,af,k
1085,91.39,t,b
1086,93.11,l,a
1087,87.06,f,s
1088,99.52,h,a
1089,106.08,ay,i
1090,89.02,al,o
1091,106.67,w,l
1092,89.0,y,r
1093,111.85,as,u
1094,117.36,x,b
1095,106.81,ak,s
1096,128.36,j,aa
1097,101.97,ay,aa
1098,119.08,h,r
1099,90.18,b,w
1100,128.1,w,s
1101,92.33,y,aa
1102,119.01,a,v
1103,94.81,s,aa
1104,79.22,az,l
1105,103.41,o,l
1106,89.74,u,l
1107,90.64,n,l
1108,111.86,j,i
1109,112.51,o,a
1110,109.78,ap,l
1111,94.55,s,b
1112,93.95,t,b
1113,97.41,y,i
1114,115.82,ap,l
1115,96.23,y,aa
1116,98.59,t,aa
1117,97.46,aj,s
1118,90.49,z,a
1119,74.54,az,y
1120,106.82,ak,c
1121,115.95,ad,l
1122,121.03,ap,l
1123,87.98,n,l
1124,113.88,j,aa
1125,118.18,ay,i
1126,100.9,o,l
1127,108.39,ay,b
1128,87.53,o,l
1129,111.02,x,i
1130,91.38,f,s
1131,118.42,j,aa
1132,93.39,y,a
1133,111.11,ap,l
1134,88.8,o,s
1135,103.03,y,aa
1136,90.57,s,v
1137,109.63,ak,v
1138,94.81,f,c
1139,101.23,d,aa
1140,93.48,m,s
1141,149.63,ap,l
1142,88.62,o,l
1143,99.68,d,f
1144,118.23,ay,b
1145,116.3,ak,s
1146,104.92,ax,v
1147,122.72,ak,s
1148,107.28,x,aa
1149,88.41,z,b
1150,97.89,aw,v
1151,88.95,t,b
1152,109.68,ak,s
1153,100.16,ay,aa
1154,96.41,z,b
1155,99.66,aj,a
1156,88.51,ba,aa
1157,101.0,v,s
1158,73.59,az,w
1159,100.12,ay,i
1160,103.01,ay,i
1161,111.74,ap,l
1162,97.72,o,l
1163,111.31,x,b
1164,89.51,l,v
1165,91.33,ai,b
1166,106.31,ak,l
1167,89.19,az,v
1168,92.04,t,b
1169,114.88,ak,l
1170,89.7,z,aa
1171,108.88,ak,s
1172,91.79,al,aa
1173,93.65,y,b
1174,100.81,y,aa
1175,106.19,w,s
1176,122.65,ak,v
1177,99.98,t,b
1178,110.03,j,aa
1179,88.98,f,l
1180,106.18,x,i
1181,88.57,t,r
1182,108.12,w,v
1183,100.37,o,l
1184,110.58,at,aa
1185,88.92,n,l
1186,116.0,j,aa
1187,83.98,az,m
1188,114.12,aw,v
1189,88.29,t,b
1190,92.96,n,l
1191,122.4,ap,c
1192,93.62,y,r
1193,101.71,aj,a
1194,90.89,z,aa
1195,108.52,w,s
1196,114.26,ak,l
1197,91.21,z,aa
1198,121.27,w,s
1199,121.28,ap,l
1200,90.37,l,l
1201,98.58,ay,aa
1202,88.69,aq,s
1203,160.87,j,o
1204,94.16,n,l
1205,150.89,x,b
1206,111.5,au,aa
1207,100.75,f,h
1208,92.7,ad,a
1209,113.39,x,aa
1210,99.16,aj,v
1211,104.18,v,s
1212,97.7,z,aa
1213,101.18,aj,l
1214,90.49,t,aa
1215,108.48,x,b
1216,93.29,o,l
1217,100.5,ay,i
1218,108.76,aj,v
1219,93.97,t,b
1220,110.21,v,s
1221,88.34,y,aa
1222,123.24,ak,h
1223,107.35,ak,w
1224,90.25,y,v
1225,88.92,z,aa
1226,95.24,y,r
1227,115.22,j,aa
1228,105.65,x,b
1229,90.86,m,s
1230,112.97,o,l
1231,114.8,ay,aa
1232,102.91,ay,aa
1233,98.33,z,aa
1234,87.95,az,y
1235,91.85,z,aa
1236,101.64,aj,e
1237,133.36,t,r
1238,87.82,n,l
1239,114.56,at,b
1240,108.52,j,aa
1241,109.03,x,i
1242,88.16,t,b
1243,103.91,ak,v
1244,88.01,t,aa
1245,109.91,w,t
1246,108.06,af,e
1247,110.17,x,aa
1248,88.15,n,s
1249,118.14,ap,l
1250,122.51,x,aa
1251,96.14,ay,i
1252,100.92,o,s
1253,106.03,j,aa
1254,106.35,aj,c
1255,89.41,t,aa
1256,92.13,z,aa
1257,99.83,d,aa
1258,96.05,o,s
1259,105.97,ak,v
1260,87.16,y,aa
1261,110.47,j,b
1262,90.13,ai,f
1263,99.24,aj,s
1264,86.6,z,aa
1265,106.05,i,aa
1266,105.03,m,n
1267,98.95,ay,aa
1268,112.57,w,s
1269,152.32,s,aa
1270,106.09,w,v
1271,111.31,x,i
1272,134.21,ay,r
1273,88.61,m,s
1274,92.8,z,aa
1275,78.45,az,l
1276,115.82,w,s
1277,87.37,y,aa
1278,87.05,b,b
1279,139.08,x,b
1280,93.93,n,a
1281,88.18,o,l
1282,76.86,az,s
1283,89.85,z,b
1284,90.44,o,s
1285,111.58,ay,i
1286,109.26,o,l
1287,106.31,h,a
1288,92.21,m,k
1289,91.38,y,aa
1290,113.43,ak,l
1291,91.35,t,b
1292,112.48,ak,v
1293,97.99,y,r
1294,105.18,x,aa
1295,76.64,az,l
1296,108.19,t,i
1297,100.1,z,aa
1298,113.34,aj,s
1299,104.37,ak,l
1300,94.09,f,s
1301,76.18,az,l
1302,98.39,ay,aa
1303,84.85,o,v
1304,111.03,ay,aa
1305,109.87,x,aa
1306,114.89,j,aa
1307,112.8,ap,l
1308,134.04,ak,e
1309,96.69,z,r
1310,105.51,aj,u
1311,129.16,y,a
1312,95.94,ai,b
1313,111.55,ak,s
1314,113.03,w,s
1315,91.1,s,aa
1316,94.39,o,u
1317,99.26,o,l
1318,111.47,j,aa
1319,103.72,aj,s
1320,87.81,z,r
1321,93.77,s,aa
1322,88.63,k,v
1323,95.33,y,a
1324,107.47,at,aa
1325,105.8,ak,v
1326,85.23,t,aa
1327,106.27,ak,s
1328,94.83,s,b
1329,88.36,y,aa
1330,110.16,w,m
1331,101.74,aw,v
1332,92.64,z,r
1333,107.82,w,s
1334,108.73,z,b
1335,101.96,aj,l
1336,91.67,z,aa
1337,92.3,t,b
1338,90.05,o,l
1339,108.03,ak,v
1340,88.57,o,l
1341,88.14,am,r
1342,88.6,t,aa
1343,85.92,n,l
1344,96.85,f,l
1345,106.13,x,i
1346,111.49,t,b
1347,110.76,ak,l
1348,92.22,y,aa
1349,142.71,ak,l
1350,108.51,af,c
1351,92.09,z,r
1352,113.82,k,c
1353,96.82,n,l
1354,100.97,o,c
1355,102.04,ay,aa
1356,89.38,ba,f
1357,77.42,az,l
1358,90.67,z,aa
1359,95.59,o,l
1360,110.23,ay,i
1361,91.24,al,o
1362,110.07,ak,l
1363,91.55,o,v
1364,103.82,aj,s
1365,103.32,t,aa
1366,113.86,w,s
1367,107.65,af,s
1368,93.55,z,r
1369,109.69,ax,l
1370,88.02,y,aa
1371,118.06,ak,l
1372,90.96,y,aa
1373,98.57,aw,t
1374,91.62,z,o
1375,94.8,ai,b
1376,75.26,az,t
1377,107.5,v,c
1378,97.86,aj,s
1379,90.6,o,m
1380,111.41,ap,l
1381,89.69,f,s
1382,89.11,y,aa
1383,75.79,az,l
1384,87.58,t,b
1385,103.31,aj,s
1386,92.82,z,aa
1387,104.34,aj,w
1388,109.25,j,aa
1389,88.79,l,s
1390,94.02,o,v
1391,98.32,ay,i
1392,90.13,o,h
1393,105.95,o,s
1394,88.17,y,b
1395,89.38,t,b
1396,90.68,t,aa
1397,98.44,ay,i
1398,99.6,o,l
1399,94.57,y,aa
1400,87.24,t,aa
1401,123.17,ap,n
1402,110.24,j,aa
1403,97.26,s,b
1404,105.96,ak,v
1405,78.01,az,v
1406,108.33,ak,s
1407,100.87,y,aa
1408,108.57,c,f
1409,88.55,t,b
1410,114.83,ap,l
1411,99.93,ay,aa
1412,93.57,o,l
1413,109.12,x,aa
1414,94.84,f,c
1415,100.75,d,aa
1416,106.84,ak,t
1417,117.35,aj,s
1418,92.98,z,aa
1419,90.0,y,r
1420,106.58,x,aa
1421,115.39,ak,l
1422,106.32,aq,k
1423,107.61,ax,v
1424,88.69,z,b
1425,107.15,w,e
1426,107.66,ak,s
1427,135.29,s,aa
1428,95.76,y,aa
1429,108.3,ak,s
1430,101.25,ay,aa
1431,91.03,o,c
1432,114.1,x,aa
1433,93.87,n,c
1434,89.55,ad,l
1435,100.32,aj,l
1436,110.32,j,aa
1437,88.87,s,z
1438,118.61,as,c
1439,87.25,z,v
1440,91.32,s,aa
1441,115.75,ak,l
1442,97.27,ay,i
1443,80.53,az,y
1444,87.0,y,b
1445,90.0,t,b
1446,110.29,ak,l
1447,91.9,y,b
1448,106.65,x,b
1449,94.26,o,l
1450,97.47,h,r
1451,89.26,y,i
1452,100.57,t,b
1453,100.63,ao,f
1454,111.1,x,b
1455,91.98,t,b
1456,115.22,w,s
1457,112.88,al,o
1458,73.15,az,l
1459,167.45,ai,b
1460,109.7,ak,l
1461,90.88,y,aa
1462,108.35,ak,s
1463,90.41,t,b
1464,96.61,aj,l
1465,87.99,n,c
1466,74.1,az,t
1467,92.91,t,j
1468,111.09,ak,s
1469,93.03,o,e
1470,87.63,z,aa
1471,87.56,s,aa
1472,76.96,bc,y
1473,108.06,ak,v
1474,98.51,y,a
1475,92.34,f,s
1476,114.92,x,aa
1477,89.67,n,l
1478,115.64,ap,v
1479,90.69,z,aa
1480,91.35,t,aa
1481,91.0,y,b
1482,96.87,t,b
1483,110.44,w,c
1484,91.07,y,aa
1485,115.6,ap,c
1486,91.53,t,aa
1487,101.79,aj,l
1488,111.85,r,s
1489,88.93,t,i
1490,128.35,j,aa
1491,98.81,ay,aa
1492,90.32,n,s
1493,119.87,w,s
1494,104.51,s,b
1495,112.0,au,b
1496,100.07,aj,c
1497,93.0,am,r
1498,108.31,ak,l
1499,94.18,o,v
1500,119.03,h,r
1501,93.4,aq,s
1502,101.13,h,a
1503,93.32,o,s
1504,92.21,e,u
1505,102.3,aj,s
1506,92.63,t,r
1507,75.82,az,t
1508,96.98,o,l
1509,106.33,j,aa
1510,107.98,j,b
1511,91.32,o,l
1512,73.45,az,w
1513,94.6,k,v
1514,91.11,o,s
1515,90.41,y,aa
1516,116.57,ak,v
1517,108.96,ak,l
1518,127.06,ap,l
1519,95.74,ay,b
1520,96.28,o,v
1521,105.53,ao,b
1522,76.8,az,v
1523,86.83,s,aa
1524,127.19,ak,h
1525,127.27,af,l
1526,87.85,al,a
1527,91.07,o,s
1528,109.61,i,i
1529,90.82,n,s
1530,125.26,ap,l
1531,86.15,t,b
1532,81.08,az,l
1533,86.72,z,r
1534,110.15,x,i
1535,101.0,n,l
1536,92.81,y,b
1537,93.58,o,s
1538,103.45,f,s
1539,111.45,x,b
1540,108.13,ak,l
1541,106.62,y,aa
1542,108.42,w,k
1543,96.17,s,b
1544,111.42,w,m
1545,89.59,y,b
1546,89.97,t,b
1547,110.47,ak,l
1548,75.89,az,l
1549,90.72,y,r
1550,94.08,ba,q
1551,132.6,o,s
1552,114.53,i,o
1553,96.45,o,l
1554,110.9,z,b
1555,108.94,w,s
1556,93.6,al,w
1557,111.15,ay,i
1558,90.66,t,b
1559,106.54,ak,l
1560,125.91,ak,l
1561,114.65,af,n
1562,109.75,w,s
1563,120.91,ak,l
1564,110.43,ak,l
1565,113.14,ay,b
1566,89.9,o,s
1567,90.35,u,v
1568,89.61,t,b
1569,91.15,z,r
1570,110.57,h,r
1571,119.3,aj,w
1572,102.42,aj,l
1573,113.71,w,w
1574,92.39,y,r
1575,106.28,h,a
1576,77.86,az,y
1577,90.44,n,l
1578,111.31,x,aa
1579,110.33,ak,v
1580,103.47,aj,l
1581,112.06,x,b
1582,75.51,az,m
1583,90.4,s,aa
1584,108.02,ax,h
1585,88.81,z,aa
1586,117.6,ap,l
1587,92.66,y,aa
1588,107.7,ak,v
1589,93.62,o,l
1590,93.86,am,o
1591,98.74,aj,l
1592,113.75,ap,l
1593,106.83,x,b
1594,72.11,az,s
1595,87.3,f,l
1596,103.2,o,s
1597,88.38,t,aa
1598,99.2,h,r
1599,118.78,ak,m
1600,102.14,h,a
1601,92.53,z,b
1602,95.67,t,aa
1603,91.01,o,l
1604,87.83,m,s
1605,111.64,x,b
1606,102.5,ay,i
1607,93.75,o,l
1608,110.42,ap,l
1609,87.41,ai,b
1610,117.06,x,aa
1611,92.98,ai,b
1612,125.76,ap,l
1613,100.56,h,r
1614,111.05,at,aa
1615,87.95,y,r
1616,121.5,ak,l
1617,88.77,z,b
1618,105.85,ay,i
1619,103.7,t,b
1620,114.6,z,aa
1621,89.62,ac,t
1622,109.37,ay,i
1623,95.8,am,o
1624,104.73,aj,l
1625,113.87,k,v
1626,99.0,ay,b
1627,133.5,y,r
1628,102.0,ay,b
1629,111.34,x,b
1630,91.38,o,l
1631,104.49,d,aa
1632,88.29,z,aa
1633,106.79,aj,c
1634,109.71,t,b
1635,112.27,ap,l
1636,98.98,ay,aa
1637,119.75,a,v
1638,112.99,o,v
1639,117.71,ak,n
1640,91.61,y,r
1641,82.21,az,v
1642,89.3,t,b
1643,114.5,ap,k
1644,104.92,y,r
1645,98.7,aj,l
1646,93.93,z,aa
1647,93.76,z,i
1648,98.02,aj,l
1649,109.74,ap,l
1650,108.51,x,aa
1651,88.67,n,a
1652,117.35,x,b
1653,102.77,t,b
1654,87.86,al,r
1655,119.39,ap,l
1656,105.89,ak,s
1657,88.47,e,s
1658,104.45,ak,u
1659,125.72,t,aa
1660,89.41,y,aa
1661,105.49,af,s
1662,87.72,t,aa
1663,100.53,ay,b
1664,125.46,ak,c
1665,78.22,az,w
1666,101.26,ay,r
1667,132.86,ax,l
1668,110.64,ak,s
1669,97.86,o,s
1670,93.71,t,z
1671,111.44,ay,aa
1672,89.03,o,s
1673,89.57,n,s
1674,98.07,z,r
1675,117.29,ay,r
1676,92.59,o,l
1677,111.68,ay,aa
1678,92.35,l,l
1679,107.54,x,r
1680,91.76,k,v
1681,81.96,az,v
1682,95.59,z,r
1683,101.64,aj,c
1684,107.69,ak,l
1685,94.03,y,j
1686,88.62,z,i
1687,116.82,af,e
1688,106.66,aw,l
1689,110.88,ak,s
1690,88.88,z,aa
1691,99.94,aj,l
1692,90.86,z,z
1693,94.31,ai,aa
1694,100.5,z,aa
1695,101.94,aj,l
1696,97.67,aj,s
1697,91.62,t,aa
1698,102.78,z,w
1699,89.39,t,b
1700,93.96,z,aa
1701,88.83,t,r
1702,91.66,n,l
1703,107.04,j,aa
1704,92.58,z,b
1705,108.47,w,l
1706,95.98,y,r
1707,94.76,t,aa
1708,104.77,ay,i
1709,89.61,o,t
1710,99.67,h,aa
1711,117.4,af,t
1712,133.55,ak,s
1713,105.17,ai,z
1714,96.59,ay,i
1715,96.81,f,l
1716,106.18,y,aa
1717,107.71,x,b
1718,91.14,n,w
1719,109.55,x,b
1720,93.29,n,l
1721,108.33,j,aa
1722,77.62,az,l
1723,95.64,n,a
1724,90.27,ai,b
1725,90.26,t,aa
1726,108.03,ak,v
1727,100.0,y,aa
1728,114.52,w,m
1729,92.45,y,r
1730,139.61,ak,v
1731,104.6,ay,aa
1732,89.94,o,l
1733,120.95,o,v
1734,101.47,t,b
1735,106.52,ak,l
1736,91.78,z,b
1737,88.27,am,b
1738,92.94,y,r
1739,105.79,ak,l
1740,117.32,w,t
1741,95.87,y,r
1742,122.12,j,b
1743,119.5,o,l
1744,100.46,ay,aa
1745,86.96,o,s
1746,114.18,ay,i
1747,101.07,ad,l
1748,110.94,ay,aa
1749,107.1,ak,l
1750,92.6,t,b
1751,112.17,ak,l
1752,89.75,s,aa
1753,99.23,o,s
1754,115.05,j,aa
1755,89.84,n,a
1756,101.45,f,t
1757,110.94,x,b
1758,114.57,j,b
1759,89.95,am,r
1760,80.34,az,y
1761,98.7,ay,aa
1762,87.74,f,l
1763,120.17,ap,t
1764,117.28,x,b
1765,98.1,n,s
1766,92.46,n,s
1767,97.32,t,b
1768,114.35,ak,h
1769,115.24,ak,v
1770,106.6,t,o
1771,99.84,z,b
1772,109.25,ak,l
1773,119.31,z,b
1774,108.26,d,aa
1775,89.93,z,z
1776,105.56,v,s
1777,78.95,az,y
1778,109.61,x,aa
1779,95.71,n,a
1780,125.72,x,b
1781,90.68,f,l
1782,106.73,h,aa
1783,77.45,az,v
1784,122.01,a,v
1785,89.79,n,s
1786,116.51,x,aa
1787,99.64,aj,l
1788,74.35,az,m
1789,114.51,s,aa
1790,107.99,ax,l
1791,108.97,z,aa
1792,110.01,ak,s
1793,89.28,o,c
1794,99.1,ay,aa
1795,90.76,f,s
1796,106.55,ak,s
1797,109.9,af,s
1798,94.21,y,a
1799,108.06,x,j
1800,93.94,n,l
1801,93.15,ai,b
1802,114.66,y,o
1803,72.94,az,l
1804,102.48,h,r
1805,92.47,o,l
1806,100.27,d,aa
1807,89.77,l,u
1808,111.22,ay,b
1809,91.89,o,l
1810,88.22,y,b
1811,108.35,ak,l
1812,107.79,ax,v
1813,108.99,ak,s
1814,95.15,al,o
1815,107.97,ay,aa
1816,86.34,o,s
1817,99.99,ay,aa
1818,92.82,t,z
1819,88.31,al,o
1820,112.54,x,aa
1821,88.77,aq,s
1822,115.1,x,aa
1823,92.99,u,v
1824,101.65,ay,j
1825,90.76,z,aa
1826,111.4,w,s
1827,88.36,t,b
1828,110.07,ak,v
1829,119.59,x,b
1830,109.79,j,i
1831,92.59,t,aa
1832,111.92,ak,l
1833,89.07,y,aa
1834,110.22,ak,s
1835,90.11,b,b
1836,98.81,ay,i
1837,94.5,o,s
1838,91.32,ad,a
1839,122.31,j,b
1840,89.9,n,s
1841,111.83,ap,l
1842,125.44,w,s
1843,88.23,y,v
1844,109.44,as,k
1845,89.19,al,o
1846,89.38,t,b
1847,102.3,ay,b
1848,85.83,o,s
1849,105.29,ay,b
1850,87.49,o,v
1851,89.14,s,v
1852,115.53,ay,b
1853,109.96,j,r
1854,88.66,y,b
1855,107.01,af,m
1856,94.9,y,aa
1857,93.91,s,aa
1858,93.78,z,v
1859,99.4,ay,b
1860,89.01,f,s
1861,98.19,ay,aa
1862,109.24,ak,v
1863,100.71,o,l
1864,91.43,z,b
1865,97.78,aj,u
1866,88.44,ba,v
1867,109.59,ak,v
1868,105.64,k,v
1869,90.52,z,aa
1870,93.64,t,b
1871,72.5,az,l
1872,90.83,y,b
1873,106.22,ak,l
1874,111.01,j,b
1875,107.4,x,b
1876,107.3,ak,v
1877,87.33,y,a
1878,115.72,w,s
1879,95.31,t,r
1880,128.02,j,b
1881,90.26,ad,s
1882,107.85,j,aa
1883,119.78,ap,l
1884,87.4,ad,l
1885,92.97,z,b
1886,74.86,az,v
1887,106.79,ay,b
1888,108.07,c,v
1889,115.83,aj,l
1890,78.47,az,s
1891,87.73,z,aa
1892,101.71,ay,aa
1893,100.35,ay,r
1894,87.57,y,aa
1895,89.75,ba,b
1896,88.87,s,b
1897,92.19,n,a
1898,74.77,az,v
1899,104.55,x,o
1900,107.12,ak,s
1901,87.71,y,aa
1902,119.65,w,l
1903,102.91,b,b
1904,102.31,aj,s
1905,113.62,j,b
1906,92.32,n,s
1907,107.9,ak,s
1908,132.61,s,aa
1909,89.89,t,b
1910,91.44,o,l
1911,101.03,ay,i
1912,97.86,t,aa
1913,104.91,w,s
1914,91.46,y,b
1915,90.97,al,o
1916,106.59,ay,aa
1917,91.46,o,a
1918,98.31,t,b
1919,116.18,t,aa
1920,87.17,o,l
1921,88.14,s,aa
1922,132.29,x,aa
1923,88.08,o,s
1924,111.01,at,b
1925,106.9,x,r
1926,97.77,z,aa
1927,107.77,ak,u
1928,90.83,al,a
1929,89.09,t,b
1930,97.64,ay,aa
1931,98.59,z,aa
1932,104.87,ak,l
1933,90.8,z,aa
1934,98.16,v,s
1935,89.64,ai,b
1936,99.03,ay,b
1937,105.36,i,r
1938,113.01,w,u
1939,89.9,o,l
1940,97.87,m,c
1941,115.19,ap,n
1942,89.26,y,b
1943,92.43,f,l
1944,91.12,y,w
1945,86.67,al,o
1946,118.27,w,s
1947,91.88,t,aa
1948,109.02,w,c
1949,108.64,y,b
1950,94.56,f,l
1951,109.98,ay,i
1952,92.13,o,l
1953,88.18,f,v
1954,91.08,n,s
1955,109.21,x,aa
1956,73.89,az,l
1957,93.57,z,b
1958,100.71,aj,l
1959,93.45,t,aa
1960,101.6,v,s
1961,87.67,z,b
1962,114.8,ak,u
1963,88.73,z,aa
1964,100.1,aj,v
1965,91.6,t,i
1966,110.02,ak,s
1967,97.96,t,b
1968,74.2,az,h
1969,99.58,ay,aa
1970,95.34,o,c
1971,109.49,x,v
1972,95.7,m,s
1973,92.38,t,b
1974,102.78,aj,l
1975,87.72,t,aa
1976,100.85,ay,o
1977,88.83,o,s
1978,89.69,ad,a
1979,108.99,j,b
1980,90.39,s,z
1981,103.85,ak,v
1982,90.49,y,b
1983,103.03,f,v
1984,98.97,ay,i
1985,91.13,o,v
1986,100.4,d,b
1987,115.39,x,b
1988,88.92,al,r
1989,109.05,ak,s
1990,77.64,az,v
1991,94.35,ai,f
1992,110.94,ak,s
1993,92.1,y,a
1994,110.07,f,s
1995,109.63,x,v
1996,88.28,y,aa
1997,81.07,az,w
1998,90.44,z,b
1999,89.65,n,l
2000,114.65,at,j
2001,88.12,y,aa
2002,106.91,ak,v
2003,100.11,ay,i
2004,108.88,ak,l
2005,93.55,y,a
2006,116.23,w,s
2007,85.75,ba,j
2008,111.07,w,m
2009,95.33,y,z
2010,114.29,ak,l
2011,91.23,o,n
2012,89.63,e,s
2013,90.69,n,l
2014,95.35,ay,i
2015,95.21,o,l
2016,98.83,d,b
2017,91.59,f,s
2018,112.53,x,b
2019,92.6,y,o
2020,114.63,ap,l
2021,95.48,z,aa
2022,123.47,r,s
2023,107.61,ay,aa
2024,80.2,az,v
2025,90.41,ai,b
2026,109.47,x,aa
2027,93.8,n,l
2028,109.13,x,b
2029,92.91,n,l
2030,89.86,o,s
2031,106.13,ay,r
2032,88.95,z,b
2033,91.06,s,g
2034,92.08,y,b
2035,119.89,ak,s
2036,112.31,x,b
2037,114.4,x,aa
2038,88.7,y,aa
2039,124.64,o,s
2040,96.41,f,v
2041,88.97,o,s
2042,99.59,ay,aa
2043,96.47,n,c
2044,101.27,aj,v
2045,88.45,z,b
2046,108.49,j,b
2047,91.88,t,r
2048,106.4,aj,c
2049,90.0,z,z
2050,112.07,ak,l
2051,109.69,ak,v
2052,102.93,s,aa
2053,92.18,y,b
2054,93.29,n,a
2055,107.81,j,b
2056,77.16,az,l
2057,122.4,j,b
2058,90.57,al,o
2059,109.29,ak,v
2060,95.67,al,r
2061,126.97,w,s
2062,100.09,y,aa
2063,105.94,ak,v
2064,111.32,ap,l
2065,91.52,n,h
2066,89.65,l,l
2067,125.84,ay,i
2068,111.08,ak,v
2069,87.06,y,o
2070,108.8,ak,l
2071,113.28,h,b
2072,101.89,ay,i
2073,98.25,z,r
2074,113.09,w,v
2075,92.27,y,b
2076,119.38,ak,l
2077,110.33,j,b
2078,95.96,f,s
2079,93.56,aq,s
2080,105.59,ay,b
2081,110.39,o,v
2082,98.94,ay,aa
2083,94.38,f,s
2084,110.53,x,r
2085,75.42,az,l
2086,106.1,z,b
2087,109.34,ak,l
2088,88.99,y,r
2089,91.63,t,b
2090,94.02,s,aa
2091,88.44,z,b
2092,99.41,z,aa
2093,89.89,al,r
2094,109.39,ak,v
2095,90.44,t,i
2096,104.65,ay,aa
2097,110.97,ap,l
2098,113.52,ak,v
2099,89.61,t,b
2100,100.68,ay,r
2101,88.75,az,y
2102,88.77,z,b
2103,114.87,at,j
2104,112.94,ax,v
2105,89.22,s,o
2106,108.31,o,c
2107,89.91,t,b
2108,92.79,z,aa
2109,100.04,aj,h
2110,101.35,z,aa
2111,107.11,af,e
2112,88.06,t,b
2113,107.42,ak,s
2114,109.65,j,b
2115,97.55,z,r
2116,76.78,az,s
2117,89.38,o,l
2118,106.37,aj,s
2119,91.88,t,i
2120,116.67,ak,a
2121,111.14,x,b
2122,103.63,aq,s
2123,96.21,h,aa
2124,89.37,o,s
2125,98.32,t,b
2126,119.88,ak,v
2127,93.91,y,aa
2128,75.73,az,s
2129,91.6,t,b
2130,103.1,aj,l
2131,96.93,z,aa
2132,97.58,v,u
2133,83.49,y,r
2134,93.33,al,o
2135,101.45,y,r
2136,75.05,az,v
2137,111.21,x,aa
2138,95.89,ay,i
2139,100.25,d,aa
2140,115.21,as,k
2141,88.83,t,b
2142,113.7,j,b
2143,109.4,x,b
2144,91.41,s,w
2145,110.2,ak,v
2146,109.1,w,s
2147,113.95,af,l
2148,91.88,y,r
2149,108.8,ak,v
2150,87.53,s,b
2151,113.75,ax,a
2152,89.19,z,aa
2153,84.2,az,l
2154,92.31,t,aa
2155,110.92,w,s
2156,100.68,z,aa
2157,109.05,x,b
2158,95.01,n,h
2159,105.36,x,v
2160,99.54,o,h
2161,92.4,t,aa
2162,118.02,j,b
2163,91.71,ai,b
2164,109.02,ba,f
2165,93.36,z,b
2166,88.39,z,aa
2167,73.79,az,l
2168,102.3,z,v
2169,92.46,o,c
2170,101.3,d,aa
2171,92.83,f,l
2172,103.39,z,aa
2173,110.75,g,c
2174,89.17,o,c
2175,93.95,z,r
2176,87.99,o,v
2177,113.43,au,j
2178,102.65,f,s
2179,90.04,o,l
2180,98.92,ay,b
2181,86.9,o,l
2182,97.16,ay,i
2183,117.49,af,s
2184,92.54,s,aa
2185,104.21,ak,m
2186,107.26,w,s
2187,78.88,az,l
2188,89.13,t,aa
2189,100.71,aw,l
2190,109.28,at,aa
2191,88.12,m,l
2192,90.43,f,l
2193,99.67,ay,i
2194,91.03,o,s
2195,121.6,w,s
2196,80.44,az,v
2197,88.91,y,aa
2198,108.94,ak,s
2199,114.55,ak,v
2200,96.69,f,s
2201,98.12,ay,i
2202,98.36,z,aa
2203,98.96,z,aa
2204,99.03,ba,aa
2205,100.67,ay,b
2206,88.25,o,a
2207,102.04,f,l
2208,109.01,j,b
2209,100.77,ay,aa
2210,94.5,z,b
2211,97.72,y,b
2212,106.05,x,b
2213,114.3,ay,i
2214,97.68,m,l
2215,87.15,n,s
2216,86.95,n,a
2217,92.52,z,b
2218,113.55,ak,v
2219,78.91,az,l
2220,88.07,y,a
2221,94.24,t,b
2222,102.91,aj,s
2223,93.87,ad,l
2224,112.22,j,aa
2225,89.73,az,s
2226,90.62,t,aa
2227,93.1,z,aa
2228,109.65,aj,s
2229,91.43,y,aa
2230,121.06,n,a
2231,119.22,x,aa
2232,89.44,f,k
2233,86.19,az,l
2234,91.88,t,aa
2235,108.96,ak,v
2236,89.99,al,b
2237,109.07,j,aa
2238,108.71,ay,i
2239,91.85,z,aa
2240,154.16,w,n
2241,91.31,y,aa
2242,115.18,r,c
2243,97.22,l,v
2244,89.96,t,b
2245,98.51,f,u
2246,96.77,y,b
2247,93.0,ba,aa
2248,112.31,t,b
2249,107.45,ap,c
2250,112.82,aj,l
2251,95.97,z,aa
2252,99.15,s,aa
2253,106.51,ak,s
2254,118.53,w,h
2255,102.17,aj,s
2256,121.1,x,aa
2257,91.55,f,s
2258,107.9,j,aa
2259,121.28,n,l
2260,108.76,x,aa
2261,113.98,ap,m
2262,90.36,y,b
2263,136.96,ak,s
2264,92.21,z,aa
2265,99.53,ay,aa
2266,99.46,h,b
2267,92.26,o,s
2268,91.83,f,c
2269,113.99,i,b
2270,108.47,at,b
2271,105.89,f,l
2272,108.37,j,aa
2273,108.72,ak,e
2274,104.0,aj,l
2275,112.41,w,u
2276,104.1,z,j
2277,87.22,t,aa
2278,93.18,z,aa
2279,96.51,y,aa
2280,134.08,n,a
2281,113.34,j,b
2282,90.36,f,l
2283,94.69,y,aa
2284,110.63,ak,s
2285,89.51,y,aa
2286,104.65,az,l
2287,101.57,ao,b
2288,90.87,n,v
2289,88.75,m,e
2290,92.56,t,b
2291,76.1,az,v
2292,93.05,o,w
2293,97.07,ay,aa
2294,105.24,m,s
2295,98.54,ay,aa
2296,88.4,z,o
2297,119.2,ap,l
2298,87.8,e,l
2299,91.99,f,l
2300,111.16,ay,i
2301,90.71,y,aa
2302,125.75,w,s
2303,97.21,aw,v
2304,100.95,aj,s
2305,121.79,ak,v
2306,93.25,t,aa
2307,89.07,z,aa
2308,76.33,az,l
2309,128.58,au,aa
2310,109.01,j,aa
2311,85.96,n,l
2312,107.36,at,aa
2313,85.94,az,v
2314,111.01,w,s
2315,110.6,ak,s
2316,101.87,ay,i
2317,91.93,z,aa
2318,108.71,af,w
2319,92.79,z,b
2320,90.36,b,b
2321,95.1,f,u
2322,103.53,y,aa
2323,107.4,w,p
2324,92.54,s,aa
2325,108.05,ak,v
2326,87.49,f,s
2327,109.72,x,aa
2328,91.04,n,l
2329,115.72,x,aa
2330,101.29,s,i
2331,106.16,j,aa
2332,90.78,z,aa
2333,92.76,t,i
2334,97.79,aj,s
2335,81.18,az,l
2336,93.11,z,v
2337,84.56,y,aa
2338,114.27,z,b
2339,90.57,s,aa
2340,106.4,j,aa
2341,95.46,z,b
2342,80.29,az,l
2343,112.25,x,b
2344,92.83,f,s
2345,87.33,n,a
2346,85.61,e,v
2347,90.14,z,aa
2348,140.25,ay,i
2349,87.8,f,l
2350,108.37,x,i
2351,90.28,z,b
2352,90.69,f,c
2353,107.11,ay,aa
2354,88.18,z,b
2355,112.56,aj,v
2356,99.28,d,aa
2357,142.71,a,v
2358,122.65,ax,v
2359,92.84,b,b
2360,113.86,z,b
2361,119.28,x,aa
2362,87.13,y,aa
2363,74.43,az,l
2364,100.58,e,s
2365,110.83,j,aa
2366,112.3,ab,w
2367,88.53,t,aa
2368,89.81,z,i
2369,99.82,ay,b
2370,88.14,n,l
2371,99.95,ay,i
2372,88.2,t,b
2373,96.85,aj,u
2374,118.85,ap,l
2375,134.81,y,b
2376,148.94,w,s
2377,90.58,s,b
2378,92.38,t,b
2379,97.69,y,a
2380,105.83,j,aa
2381,110.07,x,aa
2382,108.58,aq,s
2383,111.04,j,i
2384,114.58,ap,l
2385,92.02,z,z
2386,106.0,ay,aa
2387,96.99,o,l
2388,89.72,n,v
2389,112.43,j,i
2390,90.77,m,l
2391,86.73,z,aa
2392,74.87,az,v
2393,118.73,j,f
2394,111.56,r,m
2395,112.09,aw,l
2396,121.92,j,aa
2397,109.62,x,aa
2398,90.31,e,s
2399,108.76,j,aa
2400,97.04,n,l
2401,118.38,ap,h
2402,126.11,ak,v
2403,119.7,x,v
2404,92.98,z,b
2405,96.36,z,i
2406,105.31,h,a
2407,89.91,o,l
2408,90.75,z,aa
2409,103.77,f,s
2410,105.13,x,v
2411,107.3,ak,l
2412,108.28,x,b
2413,109.28,e,l
2414,136.56,ap,l
2415,117.08,z,b
2416,98.56,z,r
2417,111.57,j,b
2418,97.96,n,l
2419,110.66,j,aa
2420,90.72,y,aa
2421,76.84,az,n
2422,128.8,ak,s
2423,117.14,ak,l
2424,91.13,s,aa
2425,126.95,t,aa
2426,89.2,t,b
2427,86.8,n,v
2428,107.5,ak,s
2429,107.03,ak,v
2430,90.16,z,b
2431,100.86,h,r
2432,122.36,f,s
2433,98.69,ay,aa
2434,90.16,z,aa
2435,121.41,y,b
2436,88.05,t,aa
2437,92.03,t,aa
2438,117.46,h,a
2439,100.05,h,r
2440,113.67,z,b
2441,112.88,ak,s
2442,91.74,az,v
2443,115.6,z,aa
2444,97.96,ay,aa
2445,93.53,m,l
2446,89.79,n,s
2447,135.53,x,i
2448,107.61,j,aa
2449,119.94,ap,l
2450,108.97,ak,l
2451,97.99,v,s
2452,105.5,z,b
2453,91.33,f,l
2454,105.81,x,b
2455,92.17,z,i
2456,92.6,s,aa
2457,111.74,ak,l
2458,88.66,z,b
2459,112.28,ak,v
2460,100.68,z,b
2461,90.17,t,aa
2462,110.86,at,aa
2463,108.98,x,v
2464,116.42,ap,l
2465,93.33,n,v
2466,77.06,az,v
2467,87.97,y,a
2468,98.16,y,aa
2469,94.32,n,a
2470,137.49,x,aa
2471,76.16,az,l
2472,94.28,t,b
2473,108.03,ak,s
2474,100.24,aj,e
2475,131.69,z,v
2476,105.91,ak,l
2477,85.49,t,b
2478,99.11,aj,s
2479,99.84,z,aa
2480,102.25,aj,l
2481,128.87,z,r
2482,89.42,t,b
2483,91.6,y,r
2484,107.29,j,i
2485,87.47,e,s
2486,123.11,j,b
2487,83.23,al,b
2488,106.78,w,s
2489,90.82,t,b
2490,93.71,z,b
2491,105.11,w,s
2492,110.38,ay,b
2493,115.25,f,s
2494,117.01,h,a
2495,85.72,z,b
2496,137.09,ak,c
2497,90.35,y,aa
2498,103.9,ay,i
2499,88.08,f,s
2500,91.96,y,b
2501,113.5,y,b
2502,111.17,ak,h
2503,120.94,ap,m
2504,88.0,z,aa
2505,116.61,w,c
2506,109.97,h,d
2507,94.29,o,l
2508,106.41,ay,i
2509,87.16,f,s
2510,113.67,x,aa
2511,74.66,az,s
2512,116.41,au,g
2513,111.64,x,b
2514,111.42,j,aa
2515,103.36,f,v
2516,99.27,ay,aa
2517,95.37,o,l
2518,90.47,z,w
2519,99.56,ay,i
2520,88.8,m,s
2521,98.79,ay,i
2522,93.4,f,l
2523,76.38,az,v
2524,104.51,j,aa
2525,110.06,x,r
2526,90.14,t,b
2527,97.19,aj,l
2528,85.13,s,aa
2529,93.06,z,b
2530,135.14,ak,m
2531,94.79,y,r
2532,132.65,d,v
2533,106.06,w,s
2534,93.7,y,a
2535,102.39,t,aa
2536,93.62,b,b
2537,105.98,z,aa
2538,112.55,ak,s
2539,93.0,y,z
2540,91.59,f,s
2541,74.76,az,s
2542,93.09,t,b
2543,105.35,x,aa
2544,97.2,ay,aa
2545,115.75,x,aa
2546,89.34,y,b
2547,93.2,y,r
2548,105.89,z,b
2549,112.19,z,b
2550,108.62,x,aa
2551,106.47,x,aa
2552,99.74,f,h
2553,110.0,j,r
2554,92.22,e,a
2555,133.09,x,r
2556,109.02,x,aa
2557,94.21,o,s
2558,90.53,z,b
2559,99.13,ay,aa
2560,106.95,j,aa
2561,86.33,y,aa
2562,98.33,t,b
2563,103.14,aj,l
2564,89.25,am,aa
2565,101.23,aj,l
2566,108.59,v,s
2567,91.84,t,aa
2568,117.67,j,aa
2569,87.78,z,b
2570,115.27,ak,l
2571,87.3,t,aa
2572,108.69,x,v
2573,97.28,f,s
2574,109.97,j,i
2575,89.19,f,c
2576,106.35,x,aa
2577,97.37,n,l
2578,109.12,j,b
2579,100.74,y,aa
2580,110.1,ak,s
2581,88.79,ai,b
2582,97.55,aj,s
2583,99.49,z,b
2584,109.75,o,v
2585,102.18,d,i
2586,95.58,z,b
2587,108.69,ak,v
2588,88.53,z,aa
2589,78.71,az,l
2590,92.0,t,aa
2591,91.99,f,l
2592,88.51,al,z
2593,94.7,t,r
2594,108.12,aj,s
2595,124.31,aj,s
2596,98.14,t,r
2597,89.44,z,aa
2598,110.95,ap,m
2599,110.12,j,g
2600,91.68,o,s
2601,117.27,au,aa
2602,102.09,u,a
2603,103.23,ay,b
2604,78.71,az,y
2605,104.41,y,v
2606,116.61,w,s
2607,113.94,w,s
2608,112.04,ak,s
2609,107.66,w,s
2610,89.14,u,m
2611,89.37,o,t
2612,87.98,m,s
2613,110.58,ak,l
2614,79.97,az,s
2615,116.02,ak,e
2616,94.62,y,aa
2617,93.42,e,s
2618,127.42,ap,l
2619,90.57,t,aa
2620,111.19,ak,s
2621,91.91,y,w
2622,93.02,t,b
2623,75.88,az,h
2624,117.26,ap,l
2625,106.47,ay,i
2626,103.96,d,i
2627,94.05,s,b
2628,118.17,j,aa
2629,128.37,n,l
2630,89.48,y,a
2631,84.27,az,v
2632,109.49,w,s
2633,115.44,x,b
2634,96.38,f,l
2635,108.61,x,i
2636,95.47,y,aa
2637,123.86,w,s
2638,94.52,y,r
2639,105.25,d,aa
2640,103.2,ak,l
2641,108.34,ak,v
2642,90.98,z,aa
2643,91.47,t,i
2644,109.97,x,i
2645,88.42,u,s
2646,88.12,l,l
2647,121.84,j,i
2648,117.83,ak,v
2649,118.62,y,r
2650,99.85,ay,i
2651,84.53,s,aa
2652,89.86,z,aa
2653,108.86,af,s
2654,107.78,s,b
2655,95.87,d,aa
2656,89.0,y,o
2657,106.89,x,aa
2658,106.98,h,b
2659,88.06,o,l
2660,90.35,f,v
2661,130.0,x,b
2662,90.38,n,v
2663,92.08,f,s
2664,91.48,y,i
2665,93.05,t,aa
2666,90.58,y,aa
2667,102.88,z,b
2668,102.08,o,s
2669,112.12,ap,l
2670,110.03,x,aa
2671,93.48,n,a
2672,119.72,i,aa
2673,95.23,t,b
2674,123.69,ak,s
2675,88.64,z,b
2676,104.28,aj,s
2677,87.89,t,aa
2678,115.66,ak,s
2679,88.82,am,b
2680,114.22,w,e
2681,90.6,al,r
2682,87.91,t,aa
2683,86.61,z,b
2684,105.05,f,w
2685,93.6,t,aa
2686,106.91,d,b
2687,92.11,ai,b
2688,89.24,z,i
2689,103.42,y,aa
2690,100.71,ay,b
2691,112.95,o,s
2692,104.66,d,aa
2693,94.85,o,v
2694,93.83,f,v
2695,112.8,d,i
2696,116.07,z,aa
2697,130.6,s,b
2698,88.16,z,aa
2699,88.05,s,aa
2700,86.57,y,b
2701,93.22,y,o
2702,108.36,ak,s
2703,91.79,t,b
2704,102.77,aj,v
2705,110.93,z,b
2706,109.0,x,aa
2707,95.15,n,a
2708,110.36,j,i
2709,109.31,ak,c
2710,88.83,t,r
2711,100.36,z,v
2712,99.14,d,i
2713,113.95,at,aa
2714,97.36,n,l
2715,92.06,f,s
2716,99.02,z,b
2717,73.71,az,l
2718,99.84,f,l
2719,105.89,aw,l
2720,98.84,z,b
2721,89.72,f,l
2722,108.54,x,aa
2723,105.96,ax,s
2724,112.08,j,a
2725,108.09,y,r
2726,90.79,z,aa
2727,86.16,az,l
2728,106.44,z,aa
2729,107.68,ak,v
2730,92.07,z,b
2731,88.63,f,s
2732,110.1,a,v
2733,128.58,j,i
2734,128.94,y,aa
2735,158.23,x,v
2736,153.51,x,i
2737,101.68,ay,z
2738,103.42,o,l
2739,85.69,y,aa
2740,118.77,af,s
2741,88.88,y,ab
2742,88.82,s,r
2743,90.76,y,aa
2744,83.67,y,o
2745,111.56,j,i
2746,98.44,f,s
2747,102.15,ay,j
2748,100.54,o,l
2749,92.56,n,a
2750,88.88,f,s
2751,98.42,h,aa
2752,113.31,x,aa
2753,105.82,ay,i
2754,120.81,ap,l
2755,114.83,ak,l
2756,114.91,w,c
2757,97.8,t,b
2758,77.47,az,l
2759,91.51,s,b
2760,108.01,f,v
2761,107.73,ay,aa
2762,97.27,o,l
2763,98.76,ay,aa
2764,100.0,t,b
2765,108.13,ak,v
2766,115.16,n,a
2767,105.66,x,aa
2768,94.6,z,b
2769,114.11,ap,n
2770,94.95,y,r
2771,125.38,ak,s
2772,103.68,d,aa
2773,100.25,ay,i
2774,89.06,aq,l
2775,110.84,x,b
2776,88.69,n,t
2777,125.25,x,i
2778,94.74,y,aa
2779,112.12,ak,v
2780,89.34,y,aa
2781,118.54,x,i
2782,88.53,n,l
2783,103.77,f,s
2784,93.62,y,o
2785,100.13,aj,c
2786,95.44,t,aa
2787,106.32,aw,l
2788,100.02,d,i
2789,112.69,ay,aa
2790,107.97,ak,v
2791,95.81,y,w
2792,123.09,ap,l
2793,90.14,s,b
2794,91.03,f,c
2795,90.83,o,l
2796,111.48,j,aa
2797,90.46,y,b
2798,108.25,v,c
2799,109.37,ak,l
2800,75.41,az,v
2801,106.85,j,i
2802,97.95,d,aa
2803,95.59,o,s
2804,89.01,y,b
2805,105.97,af,v
2806,101.03,h,a
2807,108.62,j,b
2808,88.22,y,b
2809,75.65,az,l
2810,89.47,s,b
2811,100.05,h,a
2812,98.9,ay,b
2813,104.28,x,v
2814,93.77,f,c
2815,97.07,ay,aa
2816,94.83,o,s
2817,88.23,aq,s
2818,101.92,ay,aa
2819,90.85,o,l
2820,99.4,ay,i
2821,88.14,z,aa
2822,109.21,ak,s
2823,110.96,ak,c
2824,95.71,y,ab
2825,87.28,f,s
2826,85.18,n,l
2827,99.55,ay,aa
2828,124.75,x,i
2829,90.4,f,l
2830,106.02,d,aa
2831,112.8,ak,s
2832,90.52,ai,i
2833,76.22,az,m
2834,114.07,w,s
2835,116.46,ay,i
2836,96.53,h,aa
2837,117.24,t,aa
2838,90.13,z,b
2839,96.91,ay,o
2840,128.93,u,u
2841,101.9,z,b
2842,101.74,aj,s
2843,85.63,t,b
2844,97.51,d,i
2845,96.21,aj,l
2846,97.91,t,aa
2847,96.38,t,aa
2848,100.11,d,aa
2849,88.03,o,v
2850,116.55,x,aa
2851,99.66,ay,aa
2852,141.39,z,b
2853,95.57,z,aa
2854,98.14,ay,aa
2855,116.87,o,s
2856,120.8,ay,r
2857,109.82,a,v
2858,110.8,n,l
2859,109.08,j,i
2860,92.73,n,s
2861,119.48,ap,l
2862,122.66,x,i
2863,86.31,al,aa
2864,113.99,af,v
2865,114.88,x,aa
2866,112.62,y,z
2867,108.28,ak,v
2868,97.26,aj,s
2869,94.39,z,aa
2870,105.67,j,i
2871,95.47,f,c
2872,100.74,o,v
2873,99.49,ay,aa
2874,96.62,m,c
2875,87.35,n,s
2876,122.22,z,b
2877,101.96,ay,aa
2878,109.42,ak,v
2879,97.84,m,t
2880,115.07,o,l
2881,87.84,u,s
2882,108.72,j,i
2883,98.74,n,l
2884,96.27,f,s
2885,108.75,ak,w
2886,116.37,x,r
2887,144.56,v,s
2888,138.19,ak,s
2889,104.61,aj,v
2890,103.82,o,c
2891,109.38,j,b
2892,113.75,x,aa
2893,111.5,n,a
2894,112.67,j,b
2895,103.58,aj,v
2896,88.74,z,aa
2897,112.86,f,l
2898,98.32,d,aa
2899,95.27,o,s
2900,119.71,ay,r
2901,99.16,ay,aa
2902,92.66,z,aa
2903,94.51,ay,aa
2904,89.17,f,w
2905,147.22,ay,aa
2906,74.5,az,y
2907,91.62,t,b
2908,101.39,am,o
2909,88.69,z,aa
2910,90.88,u,s
2911,121.91,h,a
2912,89.38,l,v
2913,105.34,ay,r
2914,91.62,f,s
2915,89.43,z,b
2916,89.21,y,aa
2917,97.14,t,b
2918,109.11,ap,m
2919,105.42,t,aa
2920,116.39,x,aa
2921,108.24,o,s
2922,88.39,ba,b
2923,89.37,y,aa
2924,108.34,j,aa
2925,99.08,f,l
2926,73.02,az,s
2927,100.57,f,m
2928,89.22,ad,h
2929,90.44,t,b
2930,107.99,x,b
2931,98.68,y,aa
2932,77.38,bc,v
2933,104.67,n,s
2934,96.8,e,s
2935,88.61,z,a
2936,98.94,aj,s
2937,107.09,j,b
2938,90.38,n,l
2939,121.85,x,b
2940,87.17,n,l
2941,109.9,j,aa
2942,74.99,az,s
2943,87.86,z,aa
2944,99.26,t,b
2945,90.8,y,o
2946,107.53,w,s
2947,93.97,y,aa
2948,92.05,n,w
2949,91.68,f,v
2950,96.48,ay,aa
2951,75.1,az,t
2952,93.19,y,b
2953,88.52,t,aa
2954,99.01,ay,aa
2955,92.75,n,s
2956,111.22,x,aa
2957,120.38,a,v
2958,105.55,ay,aa
2959,94.54,z,b
2960,100.55,aj,l
2961,94.52,f,s
2962,110.54,i,r
2963,91.22,am,b
2964,88.91,al,r
2965,74.79,az,s
2966,87.71,s,aa
2967,119.56,ak,l
2968,114.21,ak,v
2969,110.81,at,aa
2970,87.28,o,l
2971,96.83,aw,n
2972,89.4,n,l
2973,110.66,x,aa
2974,97.36,z,aa
2975,101.34,h,a
2976,91.19,f,l
2977,93.52,n,l
2978,107.35,j,i
2979,88.36,t,f
2980,108.42,ak,l
2981,91.57,s,aa
2982,93.74,y,r
2983,139.16,j,i
2984,91.74,f,v
2985,92.9,f,s
2986,108.19,ay,aa
2987,95.86,o,l
2988,99.63,ay,aa
2989,99.37,t,aa
2990,98.28,y,a
2991,90.25,l,t
2992,105.29,j,i
2993,90.55,t,b
2994,88.54,n,a
2995,106.61,ak,c
2996,92.66,y,b
2997,111.04,a,v
2998,99.64,z,b
2999,97.76,h,a
3000,99.68,f,c
3001,97.42,d,aa
3002,88.48,f,l
3003,99.64,ay,aa
3004,104.33,f,v
3005,106.41,ak,v
3006,112.72,y,a
3007,108.82,j,i
3008,98.59,f,s
3009,94.51,n,a
3010,91.84,f,c
3011,105.53,x,r
3012,112.75,ak,l
3013,105.7,ap,l
3014,100.05,z,b
3015,90.22,y,b
3016,90.62,t,b
3017,104.66,ay,aa
3018,86.91,o,l
3019,108.01,x,r
3020,83.09,az,s
3021,108.02,ak,v
3022,91.86,z,aa
3023,98.59,n,e
3024,108.9,j,j
3025,94.27,y,a
3026,119.35,ak,s
3027,113.5,t,b
3028,140.31,ap,l
3029,102.93,ay,aa
3030,97.45,ay,i
3031,89.87,o,c
3032,92.63,t,aa
3033,106.04,w,s
3034,116.13,x,v
3035,96.92,ay,aa
3036,91.93,o,p
3037,81.06,az,s
3038,95.65,al,o
3039,105.73,aj,s
3040,108.14,x,a
3041,120.78,ai,z
3042,99.69,aj,l
3043,103.71,z,b
3044,107.96,j,i
3045,98.57,n,l
3046,89.11,f,c
3047,85.99,n,l
3048,111.05,x,v
3049,88.11,s,aa
3050,109.02,r,p
3051,113.58,ap,l
3052,88.73,z,b
3053,111.67,ay,f
3054,91.34,u,c
3055,89.6,o,s
3056,96.21,o,v
3057,89.51,z,b
3058,102.14,aj,s
3059,87.22,t,aa
3060,118.71,j,aa
3061,109.04,a,v
3062,99.47,t,aa
3063,105.0,x,a
3064,90.8,f,c
3065,106.02,ak,h
3066,86.81,y,aa
3067,111.91,x,b
3068,78.63,az,n
3069,95.49,t,aa
3070,106.96,aj,v
3071,94.85,d,b
3072,89.22,f,s
3073,87.38,ai,aa
3074,89.16,z,b
3075,115.39,j,aa
3076,107.75,y,aa
3077,90.32,y,r
3078,97.96,aj,l
3079,95.73,ay,r
3080,84.39,az,l
3081,110.59,x,o
3082,94.83,y,b
3083,107.9,j,i
3084,90.17,o,s
3085,75.9,az,v
3086,95.89,ay,r
3087,90.54,z,o
3088,107.3,ak,s
3089,85.37,y,a
3090,146.3,au,b
3091,98.22,al,b
3092,92.18,y,w
3093,132.7,w,m
3094,122.87,ap,c
3095,116.34,ak,s
3096,91.41,y,r
3097,111.49,ak,s
3098,99.87,z,r
3099,101.28,v,s
3100,98.31,t,aa
3101,101.14,ay,i
3102,88.46,o,l
3103,98.38,d,i
3104,95.51,ba,b
3105,110.0,w,v
3106,93.97,y,o
3107,108.86,ak,v
3108,108.93,x,b
3109,73.52,az,n
3110,92.45,y,o
3111,109.18,ap,l
3112,126.41,aj,l
3113,89.39,e,l
3114,111.91,x,a
3115,93.83,o,s
3116,98.67,ay,aa
3117,102.83,ay,r
3118,93.45,am,b
3119,108.33,ax,v
3120,92.13,f,c
3121,99.49,ay,aa
3122,114.63,w,s
3123,97.75,y,v
3124,117.48,j,i
3125,94.82,q,w
3126,89.51,z,b
3127,85.55,y,r
3128,73.53,az,v
3129,103.32,h,o
3130,94.62,z,b
3131,88.73,t,aa
3132,95.43,z,b
3133,165.52,aj,v
3134,96.52,t,r
3135,106.97,x,b
3136,90.96,n,a
3137,94.87,ai,b
3138,111.22,ak,m
3139,110.65,a,v
3140,91.43,y,aa
3141,90.38,s,aa
3142,111.38,af,k
3143,99.78,aj,l
3144,101.37,d,aa
3145,90.48,f,c
3146,114.8,n,l
3147,94.32,f,s
3148,107.7,d,i
3149,77.25,bc,w
3150,89.49,t,b
3151,133.86,ak,v
3152,83.25,al,v
3153,102.76,aj,l
3154,117.09,ak,s
3155,96.74,aq,s
3156,91.07,n,a
3157,108.73,j,r
3158,94.07,f,c
3159,99.68,ay,r
3160,75.59,az,s
3161,99.43,ay,aa
3162,112.9,x,v
3163,128.67,y,b
3164,112.34,ak,v
3165,135.13,z,aa
3166,109.33,a,v
3167,111.12,f,c
3168,97.03,ay,r
3169,120.86,ap,l
3170,98.35,n,l
3171,95.66,f,s
3172,101.52,ay,aa
3173,90.76,o,w
3174,91.97,t,aa
3175,107.9,z,b
3176,92.1,t,aa
3177,137.32,ap,l
3178,88.78,y,b
3179,90.39,s,b
3180,89.62,al,v
3181,112.47,w,s
3182,88.4,y,r
3183,92.08,o,l
3184,95.01,f,s
3185,106.18,x,aa
3186,80.82,az,l
3187,102.32,d,aa
3188,89.03,f,s
3189,110.07,j,b
3190,110.74,d,b
3191,95.65,o,u
3192,112.78,d,i
3193,92.65,f,l
3194,109.22,x,v
3195,104.36,ay,i
3196,119.46,j,aa
3197,91.79,o,l
3198,112.55,ay,aa
3199,99.84,f,l
3200,101.48,ay,v
3201,99.14,s,aa
3202,96.45,z,b
3203,105.52,x,v
3204,98.5,aj,s
3205,93.04,z,z
3206,116.36,ap,c
3207,97.84,t,aa
3208,88.34,f,c
3209,93.24,z,z
3210,92.36,f,v
3211,107.44,j,aa
3212,105.04,h,a
3213,88.04,o,l
3214,90.08,ad,h
3215,141.09,at,f
3216,100.44,m,s
3217,125.98,x,v
3218,91.94,y,o
3219,88.1,s,aa
3220,106.23,ak,v
3221,105.71,i,b
3222,110.32,x,aa
3223,103.63,z,aa
3224,107.13,x,aa
3225,112.69,ay,r
3226,94.7,t,aa
3227,88.78,y,b
3228,95.28,f,s
3229,98.37,ay,aa
3230,109.33,w,s
3231,74.22,az,t
3232,111.46,e,l
3233,116.65,ap,l
3234,109.4,w,s
3235,88.89,y,o
3236,95.65,n,l
3237,108.73,x,r
3238,101.59,h,v
3239,88.28,z,o
3240,104.79,n,v
3241,107.46,i,ab
3242,87.51,m,l
3243,98.45,h,b
3244,114.33,ak,w
3245,112.08,as,v
3246,89.33,y,r
3247,96.12,s,z
3248,111.24,x,r
3249,87.83,n,l
3250,114.92,j,b
3251,86.86,t,b
3252,108.12,ak,v
3253,90.89,al,r
3254,106.2,w,s
3255,98.05,t,aa
3256,75.71,az,l
3257,86.03,e,u
3258,113.24,x,i
3259,89.46,n,l
3260,114.43,at,b
3261,89.35,y,aa
3262,108.24,ak,s
3263,100.11,z,r
3264,104.73,v,s
3265,99.95,ay,aa
3266,91.08,o,s
3267,103.43,j,b
3268,90.69,f,s
3269,100.22,h,a
3270,107.05,ak,v
3271,102.91,ay,r
3272,93.28,z,b
3273,96.79,ay,i
3274,89.31,t,aa
3275,88.1,z,z
3276,90.28,t,b
3277,74.27,az,v
3278,91.85,f,m
3279,97.96,d,aa
3280,86.61,z,r
3281,90.01,z,w
3282,121.11,ay,r
3283,88.84,n,l
3284,106.64,x,v
3285,108.94,y,r
3286,93.52,f,s
3287,105.08,aj,v
3288,90.79,z,aa
3289,129.45,ak,l
3290,88.05,t,r
3291,90.51,y,r
3292,106.41,ak,v
3293,119.47,ap,l
3294,100.46,ay,g
3295,91.29,e,s
3296,106.88,x,i
3297,90.7,o,v
3298,79.81,az,s
3299,90.64,t,b
3300,87.05,y,aa
3301,89.89,f,s
3302,86.07,f,s
3303,109.09,h,a
3304,110.89,h,a
3305,90.1,o,v
3306,101.82,t,r
3307,110.85,w,u
3308,92.84,m,s
3309,89.47,n,l
3310,107.87,j,b
3311,77.68,az,v
3312,92.97,t,b
3313,101.76,ay,r
3314,94.12,n,l
3315,116.93,ak,s
3316,88.23,o,l
3317,93.22,f,s
3318,107.05,j,i
3319,88.68,o,l
3320,115.94,h,a
3321,88.61,u,v
3322,90.75,z,aa
3323,92.63,z,z
3324,113.72,ak,v
3325,116.93,ak,v
3326,98.67,ay,r
3327,103.34,ay,i
3328,94.45,y,aa
3329,100.09,d,i
3330,89.35,u,s
3331,108.86,x,i
3332,87.46,l,l
3333,110.84,h,b
3334,90.7,f,s
3335,112.89,j,b
3336,95.97,n,l
3337,89.19,f,s
3338,111.21,j,aa
3339,98.97,y,r
3340,109.99,j,aa
3341,111.65,ay,aa
3342,89.54,f,s
3343,100.35,h,r
3344,88.97,o,c
3345,113.03,x,b
3346,102.65,z,v
3347,110.14,j,i
3348,99.54,aj,e
3349,110.58,w,c
3350,111.33,ak,s
3351,100.27,o,l
3352,101.62,ay,r
3353,92.16,u,s
3354,90.6,o,l
3355,101.76,ay,b
3356,98.33,f,v
3357,91.3,y,aa
3358,135.48,ak,s
3359,90.85,y,a
3360,111.55,w,s
3361,107.86,aw,v
3362,87.85,z,aa
3363,96.1,n,v
3364,91.46,f,c
3365,108.76,x,r
3366,118.93,s,b
3367,108.21,ak,p
3368,105.82,y,o
3369,108.19,x,i
3370,94.62,f,c
3371,110.46,j,i
3372,88.98,n,a
3373,108.84,e,l
3374,109.93,x,i
3375,104.89,ad,l
3376,99.65,aj,v
3377,103.19,aj,a
3378,110.43,y,r
3379,107.74,ap,c
3380,111.59,w,s
3381,91.38,f,c
3382,91.17,z,b
3383,109.6,x,v
3384,107.53,x,z
3385,74.99,az,v
3386,86.25,y,b
3387,91.16,z,i
3388,88.59,t,r
3389,117.52,ak,l
3390,85.55,y,a
3391,89.88,e,s
3392,117.36,at,i
3393,113.8,a,v
3394,92.42,f,v
3395,106.5,i,b
3396,105.49,z,z
3397,118.27,ak,v
3398,112.05,j,aa
3399,92.73,o,l
3400,108.83,ak,v
3401,98.91,d,i
3402,95.5,m,l
3403,104.82,x,r
3404,88.28,f,l
3405,91.99,z,z
3406,73.74,az,v
3407,85.44,s,aa
3408,89.94,y,a
3409,109.67,w,s
3410,89.06,b,aa
3411,98.13,ay,a
3412,92.55,o,s
3413,118.31,au,b
3414,114.23,f,s
3415,94.1,o,s
3416,100.59,ay,aa
3417,108.97,x,b
3418,75.85,az,w
3419,89.08,y,r
3420,89.34,t,b
3421,108.68,j,aa
3422,109.64,x,a
3423,88.05,t,b
3424,86.61,n,l
3425,112.8,w,s
3426,107.43,ap,v
3427,89.28,u,s
3428,112.83,x,r
3429,107.38,ak,v
3430,92.05,z,w
3431,96.49,aj,l
3432,87.12,b,b
3433,89.2,f,s
3434,107.14,j,b
3435,88.08,n,v
3436,109.7,x,r
3437,101.99,ay,i
3438,96.98,z,w
3439,90.84,s,aa
3440,103.11,n,a
3441,110.16,ap,l
3442,139.07,f,c
3443,92.44,e,s
3444,109.42,j,i
3445,96.82,ay,r
3446,98.81,az,v
3447,104.18,x,v
3448,109.66,w,s
3449,89.8,s,b
3450,107.93,ak,l
3451,96.41,ay,aa
3452,87.0,aq,s
3453,109.31,j,b
3454,89.69,f,l
3455,100.11,ay,b
3456,97.28,o,s
3457,107.48,x,aa
3458,88.05,t,aa
3459,77.23,az,t
3460,106.72,w,v
3461,86.81,z,aa
3462,109.34,ak,s
3463,111.51,w,v
3464,93.81,e,l
3465,100.8,z,aa
3466,96.26,v,s
3467,97.14,z,v
3468,98.03,d,i
3469,76.56,az,s
3470,129.65,w,v
3471,89.15,aq,m
3472,97.93,ay,b
3473,106.1,ak,s
3474,86.73,z,b
3475,97.63,ay,aa
3476,107.85,x,i
3477,88.98,n,a
3478,95.98,y,aa
3479,92.07,t,aa
3480,89.19,f,c
3481,89.99,o,l
3482,87.44,ba,b
3483,88.99,t,i
3484,107.94,ak,s
3485,84.76,y,o
3486,75.19,az,t
3487,89.94,t,b
3488,104.55,w,s
3489,96.56,y,f
3490,108.74,x,aa
3491,106.45,w,s
3492,114.23,ak,l
3493,89.22,z,b
3494,85.89,y,r
3495,113.77,r,n
3496,92.41,t,aa
3497,89.49,y,a
3498,109.13,z,b
3499,74.87,az,v
3500,90.2,ai,b
3501,98.74,aw,l
3502,88.7,z,aa
3503,89.98,n,a
3504,99.55,f,c
3505,90.22,y,r
3506,90.94,t,i
3507,116.75,au,a
3508,91.33,s,b
3509,96.65,z,b
3510,100.05,d,f
3511,100.01,ay,r
3512,121.57,a,v
3513,105.03,t,aa
3514,89.62,z,b
3515,111.49,ax,w
3516,90.86,t,aa
3517,100.59,d,a
3518,88.38,t,aa
3519,118.87,ap,l
3520,89.08,z,z
3521,73.24,az,s
3522,110.66,x,i
3523,106.93,ay,r
3524,96.79,o,l
3525,101.17,ay,aa
3526,110.59,x,v
3527,124.6,as,k
3528,92.04,t,b
3529,91.57,ai,j
3530,88.46,s,f
3531,108.8,ap,l
3532,112.26,at,o
3533,96.6,n,u
3534,109.81,w,s
3535,97.74,z,aa
3536,100.1,ay,i
3537,112.19,x,aa
3538,89.59,n,v
3539,109.85,j,b
3540,101.9,aj,l
3541,92.19,z,aa
3542,112.12,x,aa
3543,98.25,n,l
3544,76.32,bc,y
3545,107.68,w,s
3546,100.1,s,aa
3547,113.83,ak,s
3548,105.28,aj,l
3549,98.04,z,b
3550,93.17,m,c
3551,115.32,o,l
3552,100.78,h,aa
3553,94.84,o,w
3554,98.75,ay,aa
3555,90.85,t,aa
3556,103.99,ak,s
3557,87.4,s,v
3558,97.12,t,aa
3559,90.76,y,r
3560,118.72,ak,s
3561,100.29,m,c
3562,110.36,ak,l
3563,91.52,z,b
3564,93.17,ai,b
3565,114.71,af,s
3566,90.59,z,aa
3567,109.33,ak,l
3568,93.25,al,v
3569,94.47,z,o
3570,104.25,ay,aa
3571,90.14,l,s
3572,93.71,f,s
3573,99.48,y,r
3574,109.54,ak,s
3575,73.83,az,h
3576,108.23,ak,v
3577,94.59,z,b
3578,98.1,ay,r
3579,107.5,w,u
3580,91.39,o,l
3581,120.76,a,v
3582,93.96,t,aa
3583,107.93,ay,i
3584,105.65,w,v
3585,89.79,z,b
3586,116.79,aj,l
3587,111.17,j,r
3588,90.8,o,l
3589,85.74,f,u
3590,93.51,n,l
3591,106.88,x,aa
3592,74.17,az,v
3593,108.83,ak,v
3594,114.12,j,b
3595,95.73,f,s
3596,105.64,x,aa
3597,89.23,f,v
3598,91.7,n,s
3599,75.54,az,l
3600,100.52,f,s
3601,107.98,j,v
3602,89.83,aq,s
3603,104.31,n,l
3604,110.84,ap,l
3605,115.04,i,b
3606,100.98,ay,r
3607,90.41,o,v
3608,98.12,ay,aa
3609,101.65,u,s
3610,105.57,j,i
3611,90.65,n,v
3612,91.01,o,s
3613,93.2,ad,a
3614,94.77,t,b
3615,98.16,aj,s
3616,90.28,f,c
3617,92.49,n,l
3618,91.82,t,o
3619,117.59,w,s
3620,87.06,am,a
3621,99.48,aj,s
3622,90.27,t,b
3623,88.59,s,b
3624,106.97,x,b
3625,96.19,ay,v
3626,121.31,z,v
3627,92.83,t,j
3628,97.07,aj,s
3629,108.61,j,b
3630,106.77,m,s
3631,88.86,n,l
3632,107.44,x,v
3633,91.63,s,aa
3634,116.13,ak,v
3635,88.34,o,l
3636,87.22,n,a
3637,89.06,f,c
3638,128.3,j,i
3639,105.06,x,b
3640,91.4,al,o
3641,106.82,ak,s
3642,88.93,al,o
3643,111.02,ak,s
3644,87.24,t,b
3645,131.67,j,i
3646,89.18,f,l
3647,91.49,y,r
3648,119.38,ay,aa
3649,110.5,i,o
3650,107.47,ak,v
3651,109.66,ak,s
3652,112.34,ak,s
3653,89.12,y,aa
3654,93.39,z,aa
3655,116.28,ak,s
3656,101.52,ay,i
3657,90.02,o,v
3658,91.41,t,b
3659,103.32,ay,aa
3660,115.0,o,v
3661,107.63,ay,b
3662,128.8,ap,l
3663,90.51,n,t
3664,106.96,x,b
3665,92.59,n,l
3666,87.58,n,l
3667,103.7,m,v
3668,75.86,bc,v
3669,87.9,y,v
3670,88.0,s,z
3671,104.85,aj,l
3672,112.89,ak,v
3673,110.32,ay,a
3674,111.16,j,b
3675,96.96,ay,r
3676,93.71,t,b
3677,108.58,j,b
3678,109.51,d,i
3679,104.69,ak,t
3680,90.58,n,s
3681,106.47,x,b
3682,89.06,o,l
3683,104.87,x,b
3684,91.13,f,l
3685,100.21,ay,r
3686,100.39,d,aa
3687,93.83,f,s
3688,86.66,z,z
3689,111.64,aj,l
3690,86.27,o,v
3691,96.53,ay,i
3692,92.58,z,z
3693,116.13,ap,l
3694,90.21,e,s
3695,94.68,n,s
3696,103.93,x,b
3697,84.48,f,l
3698,108.15,i,r
3699,91.16,n,v
3700,114.16,m,s
3701,102.51,w,s
3702,91.56,ai,b
3703,107.05,x,b
3704,105.73,n,a
3705,116.68,ap,l
3706,104.57,ak,v
3707,100.33,h,a
3708,84.8,y,aa
3709,89.35,z,b
3710,91.88,z,aa
3711,88.77,t,b
3712,91.65,f,l
3713,109.17,z,b
3714,111.85,w,s
3715,94.41,y,r
3716,97.34,y,aa
3717,94.53,z,v
3718,90.03,f,s
3719,105.46,j,b
3720,105.65,x,z
3721,89.05,t,aa
3722,87.49,y,b
3723,84.86,az,v
3724,91.4,o,s
3725,97.02,h,a
3726,92.98,ai,aa
3727,92.51,z,w
3728,97.87,ay,a
3729,89.79,o,v
3730,98.64,ay,i
3731,94.1,f,c
3732,90.05,n,s
3733,105.91,x,j
3734,90.98,f,s
3735,100.21,ay,r
3736,88.15,o,l
3737,118.44,ap,l
3738,126.17,ay,r
3739,77.5,az,v
3740,101.56,ay,aa
3741,91.17,o,u
3742,92.64,f,s
3743,109.67,ay,r
3744,155.62,x,f
3745,108.16,x,v
3746,99.8,aj,v
3747,87.8,t,aa
3748,114.08,ak,v
3749,87.52,z,aa
3750,98.85,ay,i
3751,102.71,h,a
3752,102.45,z,z
3753,89.05,t,aa
3754,95.72,ay,a
3755,91.77,f,s
3756,111.91,ap,l
3757,85.86,y,o
3758,88.19,y,b
3759,75.38,az,l
3760,109.21,w,s
3761,117.71,y,aa
3762,107.34,j,i
3763,89.12,e,l
3764,98.44,y,aa
3765,108.2,w,s
3766,84.22,s,aa
3767,110.88,as,m
3768,90.2,z,aa
3769,97.16,n,l
3770,75.41,az,v
3771,114.73,w,v
3772,91.92,y,r
3773,136.75,w,s
3774,90.46,ba,b
3775,106.74,j,i
3776,90.99,t,aa
3777,90.18,z,aa
3778,90.24,z,b
3779,102.39,aj,s
3780,86.94,t,b
3781,108.58,x,aa
3782,86.47,e,l
3783,105.41,x,v
3784,110.05,j,aa
3785,92.57,y,aa
3786,109.11,ax,l
3787,90.11,z,f
3788,100.61,h,a
3789,114.44,h,r
3790,93.67,o,u
3791,109.18,w,v
3792,92.59,f,c
3793,97.97,d,b
3794,90.78,z,z
3795,107.37,ak,s
3796,108.06,af,s
3797,87.14,m,m
3798,105.18,d,i
3799,98.56,z,aa
3800,108.41,a,v
3801,94.4,y,r
3802,88.63,f,c
3803,114.46,au,j
3804,104.22,z,aa
3805,99.86,d,i
3806,88.13,n,l
3807,103.91,z,aa
3808,98.61,aj,s
3809,99.35,t,aa
3810,120.9,as,e
3811,89.34,t,r
3812,99.06,f,s
3813,105.4,j,i
3814,114.01,x,r
3815,101.12,ay,i
3816,94.86,z,aa
3817,91.88,s,aa
3818,116.36,ak,v
3819,111.22,ak,l
3820,104.95,w,v
3821,101.32,v,s
3822,103.9,ay,aa
3823,90.01,o,v
3824,108.4,ay,i
3825,96.93,f,s
3826,90.22,l,l
3827,92.25,z,z
3828,105.54,ax,c
3829,114.47,ak,l
3830,89.46,n,l
3831,120.12,a,v
3832,95.75,h,r
3833,110.74,j,i
3834,78.1,az,l
3835,106.82,i,r
3836,92.34,o,l
3837,115.31,j,aa
3838,97.32,ay,z
3839,87.25,f,u
3840,92.31,y,z
3841,115.18,w,s
3842,89.26,t,b
3843,112.76,aj,s
3844,90.91,z,r
3845,100.68,ai,b
3846,88.83,z,r
3847,92.2,z,b
3848,115.33,h,r
3849,88.86,f,s
3850,89.28,o,l
3851,90.18,f,c
3852,99.12,ay,r
3853,92.81,y,b
3854,112.53,ap,k
3855,88.58,ba,aa
3856,90.42,o,v
3857,115.88,ao,aa
3858,87.99,t,aa
3859,85.2,n,a
3860,88.32,f,s
3861,88.7,n,v
3862,112.32,j,aa
3863,104.18,ay,r
3864,87.75,z,b
3865,92.38,s,aa
3866,88.72,y,b
3867,92.41,t,b
3868,105.28,aq,k
3869,118.86,ax,l
3870,100.03,d,f
3871,97.98,h,a
3872,99.86,ay,aa
3873,77.41,az,s
3874,107.16,ak,s
3875,90.45,f,s
3876,108.43,w,v
3877,94.27,ay,o
3878,100.49,ay,aa
3879,111.34,ap,k
3880,110.1,x,r
3881,103.5,x,v
3882,75.39,az,y
3883,106.19,j,r
3884,105.29,ay,v
3885,93.86,d,q
3886,109.99,j,i
3887,88.96,f,c
3888,97.09,d,aa
3889,100.37,d,j
3890,104.89,x,v
3891,94.41,e,s
3892,89.37,t,aa
3893,104.93,x,v
3894,90.53,f,s
3895,73.36,az,l
3896,89.04,am,o
3897,95.74,ay,aa
3898,104.42,f,c
3899,126.52,x,i
3900,85.59,y,r
3901,113.91,w,s
3902,87.14,y,r
3903,83.96,f,s
3904,113.65,ap,l
3905,103.31,x,i
3906,84.72,f,n
3907,108.7,j,i
3908,100.93,h,o
3909,112.88,ak,v
3910,105.76,af,s
3911,121.22,ak,l
3912,100.68,h,r
3913,125.45,ak,v
3914,88.28,al,o
3915,109.62,ak,c
3916,77.11,az,v
3917,89.14,y,o
3918,92.02,t,aa
3919,86.93,n,l
3920,105.43,x,i
3921,98.01,ay,i
3922,102.29,w,v
3923,108.08,x,v
3924,91.32,e,s
3925,122.28,y,b
3926,108.71,w,s
3927,92.02,z,w
3928,87.91,o,c
3929,90.49,m,s
3930,113.83,a,v
3931,85.82,t,f
3932,106.16,j,z
3933,102.56,ay,a
3934,112.36,ap,l
3935,97.85,v,s
3936,106.02,ak,v
3937,92.8,o,l
3938,87.76,f,s
3939,84.9,al,r
3940,108.9,x,r
3941,92.43,y,r
3942,93.77,n,s
3943,110.74,x,w
3944,112.49,ap,c
3945,103.86,x,r
3946,110.57,j,i
3947,92.11,m,l
3948,109.38,ay,r
3949,88.6,am,o
3950,73.76,az,v
3951,110.93,ay,o
3952,105.72,ak,l
3953,104.09,ak,s
3954,113.67,ak,l
3955,107.65,w,s
3956,92.97,d,aa
3957,96.44,ay,aa
3958,75.86,az,v
3959,86.1,e,s
3960,103.32,x,b
3961,100.12,o,v
3962,87.71,f,v
3963,102.91,x,aa
3964,86.38,f,c
3965,101.18,ay,aa
3966,115.15,al,o
3967,88.75,z,b
3968,96.87,f,s
3969,87.22,z,o
3970,84.12,f,t
3971,99.74,h,a
3972,87.2,z,r
3973,74.62,az,l
3974,89.96,am,a
3975,88.85,t,b
3976,110.44,ap,c
3977,110.71,ak,l
3978,94.88,am,a
3979,87.84,s,z
3980,142.46,w,s
3981,93.31,y,aa
3982,106.36,w,v
3983,74.08,az,v
3984,90.44,z,v
3985,86.41,e,l
3986,117.4,w,s
3987,86.77,z,aa
3988,121.84,w,s
3989,109.32,ak,v
3990,101.81,t,i
3991,103.08,d,i
3992,76.64,az,l
3993,103.62,w,s
3994,107.44,ak,v
3995,107.13,w,v
3996,108.82,w,v
3997,92.9,ba,b
3998,87.68,al,r
3999,100.9,ay,aa
4000,97.71,o,v
4001,103.06,ay,b
4002,94.01,y,r
4003,115.41,ak,v
4004,77.77,az,v
4005,108.43,j,aa
4006,93.59,o,l
4007,88.38,t,aa
4008,89.25,am,a
4009,108.69,ak,v
4010,109.58,x,v
4011,111.58,ap,l
4012,88.53,al,r
4013,90.18,o,l
4014,96.76,ay,aa
4015,105.36,x,b
4016,89.38,l,c
4017,106.58,j,i
4018,89.46,y,d
4019,74.75,az,w
4020,92.22,m,l
4021,92.48,n,l
4022,106.4,d,b
4023,82.44,az,v
4024,91.81,t,aa
4025,115.45,ak,s
4026,109.09,w,s
4027,86.18,z,b
4028,110.22,x,aa
4029,91.3,o,s
4030,103.85,h,b
4031,99.38,ay,aa
4032,89.71,o,l
4033,108.57,w,v
4034,111.86,x,i
4035,111.68,j,r
4036,94.99,ba,f
4037,86.4,z,z
4038,105.78,ak,v
4039,89.06,al,aa
4040,115.14,x,i
4041,106.62,j,aa
4042,99.66,h,a
4043,125.1,x,aa
4044,95.5,f,v
4045,101.69,ay,r
4046,87.94,z,o
4047,89.68,t,aa
4048,97.93,ay,o
4049,100.87,ay,i
4050,93.5,f,v
4051,114.58,w,l
4052,87.33,f,c
4053,118.41,h,a
4054,98.37,z,r
4055,106.0,af,s
4056,89.58,y,v
4057,88.51,t,b
4058,109.5,x,v
4059,97.99,h,o
4060,75.9,az,l
4061,111.1,al,o
4062,112.12,x,r
4063,115.88,f,v
4064,104.72,ay,i
4065,91.94,s,aa
4066,114.8,ak,u
4067,87.13,f,c
4068,98.86,d,aa
4069,121.65,ap,l
4070,86.04,al,o
4071,85.68,o,l
4072,91.38,o,v
4073,103.93,x,aa
4074,88.71,ba,b
4075,103.07,aj,l
4076,105.68,ak,s
4077,110.58,t,b
4078,86.96,y,r
4079,92.26,t,aa
4080,112.97,ak,v
4081,104.88,j,b
4082,88.51,f,p
4083,89.6,o,s
4084,97.43,d,i
4085,99.68,aj,l
4086,95.1,y,r
4087,89.93,t,b
4088,100.89,aj,w
4089,101.34,z,aa
4090,111.83,aj,e
4091,90.84,t,r
4092,100.04,d,b
4093,86.51,f,s
4094,85.09,y,b
4095,88.65,y,r
4096,89.06,y,r
4097,88.03,y,aa
4098,103.89,w,k
4099,92.22,y,r
4100,106.05,ak,v
4101,73.25,az,l
4102,90.13,t,b
4103,90.11,z,v
4104,107.29,aw,l
4105,92.72,f,s
4106,113.1,ap,c
4107,100.08,n,l
4108,85.17,n,l
4109,114.58,x,aa
4110,118.41,j,r
4111,85.14,n,t
4112,112.32,x,aa
4113,97.74,ay,aa
4114,88.25,f,c
4115,85.91,z,w
4116,105.29,j,w
4117,106.38,w,s
4118,112.03,aw,l
4119,108.72,j,r
4120,88.66,al,r
4121,91.11,z,b
4122,89.38,f,v
4123,85.91,z,aa
4124,117.85,ap,l
4125,90.82,z,v
4126,87.78,s,r
4127,108.05,w,s
4128,93.8,z,aa
4129,118.54,x,v
4130,84.42,s,aa
4131,106.79,ak,v
4132,108.66,ay,aa
4133,105.04,j,r
4134,93.5,al,r
4135,95.58,ay,i
4136,96.11,u,c
4137,102.86,j,o
4138,107.29,f,l
4139,104.26,w,s
4140,86.48,al,r
4141,88.63,al,o
4142,106.3,ak,s
4143,85.84,t,b
4144,94.91,al,o
4145,88.44,f,u
4146,99.91,al,r
4147,77.38,az,y
4148,106.53,x,aa
4149,111.15,w,s
4150,105.61,ak,l
4151,89.04,n,h
4152,103.62,x,r
4153,94.71,o,s
4154,88.51,z,r
4155,106.34,w,s
4156,89.53,y,o
4157,82.79,az,l
4158,87.43,t,aa
4159,88.54,y,r
4160,108.75,j,r
4161,96.45,z,r
4162,99.74,ay,i
4163,104.42,j,r
4164,88.77,t,aa
4165,105.1,x,v
4166,99.52,h,a
4167,91.76,y,r
4168,91.96,f,c
4169,93.83,ay,i
4170,96.85,t,j
4171,118.81,x,z
4172,76.44,az,s
4173,101.86,ak,v
4174,104.29,ak,s
4175,87.23,z,aa
4176,149.52,ak,l
4177,106.61,j,r
4178,99.68,ay,aa
4179,85.93,al,a
4180,90.45,ba,v
4181,90.06,y,r
4182,90.38,z,v
4183,95.56,z,aa
4184,109.0,w,s
4185,109.64,ak,v
4186,131.98,j,f
4187,98.15,aj,l
4188,102.33,f,s
4189,102.42,aj,s
4190,89.11,n,s
4191,88.93,z,v
4192,103.03,aj,l
4193,107.24,ak,v
4194,91.13,z,o
4195,86.23,o,l
4196,99.93,y,o
4197,89.25,z,v
4198,97.09,aw,a
4199,88.24,t,aa
4200,108.59,z,aa
4201,107.39,w,v
4202,123.34,ap,l
4203,85.71,aq,s
4204,107.39,ak,s
4205,108.77,j,o
4206,109.22,ak,v
4207,87.48,al,r
4208,110.85,z,r
